M,colony_id,Date,lunar_day,acf_rank,RO
M1,I1,2023/11/13,1,1,3
M1,I1,2023/11/14,2,2,0
M1,I1,2023/11/15,3,3,19
M1,I1,2023/11/16,4,4,11
M1,I1,2023/11/17,5,5,16
M1,I1,2023/11/18,6,6,18
M1,I1,2023/11/19,7,7,2
M1,I1,2023/11/20,8,8,6
M1,I1,2023/11/21,9,9,1
M1,I1,2023/11/22,10,10,0
M1,I1,2023/11/23,11,11,0
M1,I1,2023/11/24,12,12,0
M1,I1,2023/11/25,13,13,0
M1,I1,2023/11/26,14,14,0
M1,I1,2023/11/27,15,15,0
M1,I1,2023/11/28,16,16,0
M1,I1,2023/11/29,17,17,0
M1,I1,2023/11/30,18,18,0
M1,I1,2023/12/1,19,19,0
M1,I1,2023/12/2,20,20,0
M1,I1,2023/12/3,21,21,0
M1,I1,2023/12/4,22,22,0
M1,I1,2023/12/5,23,23,0
M1,I1,2023/12/6,24,24,0
M1,I1,2023/12/7,25,25,0
M1,I1,2023/12/8,26,26,0
M1,I1,2023/12/9,27,27,0
M1,I1,2023/12/10,28,28,0
M1,I1,2023/12/11,29,29,0
M1,I1,2023/12/12,30,30,0
M2,I1,2023/12/13,1,31,0
M2,I1,2023/12/14,2,32,4
M2,I1,2023/12/15,3,33,0
M2,I1,2023/12/16,4,34,0
M2,I1,2023/12/17,5,35,0
M2,I1,2023/12/18,6,36,0
M2,I1,2023/12/19,7,37,0
M2,I1,2023/12/20,8,38,0
M2,I1,2023/12/21,9,39,0
M2,I1,2023/12/22,10,40,0
M2,I1,2023/12/23,11,41,0
M2,I1,2023/12/24,12,42,0
M2,I1,2023/12/25,13,43,0
M2,I1,2023/12/26,14,44,0
M2,I1,2023/12/27,15,45,0
M2,I1,2023/12/28,16,46,0
M2,I1,2023/12/29,17,47,0
M2,I1,2023/12/30,18,48,0
M2,I1,2023/12/31,19,49,0
M2,I1,2024/1/1,20,50,0
M2,I1,2024/1/2,21,51,0
M2,I1,2024/1/3,22,52,0
M2,I1,2024/1/4,23,53,0
M2,I1,2024/1/5,24,54,0
M2,I1,2024/1/6,25,55,0
M2,I1,2024/1/7,26,56,0
M2,I1,2024/1/8,27,57,11
M2,I1,2024/1/9,28,58,14
M2,I1,2024/1/10,29,59,2
M3,I1,2024/1/11,1,60,1
M3,I1,2024/1/12,2,61,5
M3,I1,2024/1/13,3,62,2
M3,I1,2024/1/14,4,63,4
M3,I1,2024/1/15,5,64,0
M3,I1,2024/1/16,6,65,0
M3,I1,2024/1/17,7,66,0
M3,I1,2024/1/18,8,67,1
M3,I1,2024/1/19,9,68,3
M3,I1,2024/1/20,10,69,0
M3,I1,2024/1/21,11,70,0
M3,I1,2024/1/22,12,71,0
M3,I1,2024/1/23,13,72,0
M3,I1,2024/1/24,14,73,0
M3,I1,2024/1/25,15,74,0
M3,I1,2024/1/26,16,75,0
M3,I1,2024/1/27,17,76,0
M3,I1,2024/1/28,18,77,0
M3,I1,2024/1/29,19,78,0
M3,I1,2024/1/30,20,79,0
M3,I1,2024/1/31,21,80,0
M3,I1,2024/2/1,22,81,0
M3,I1,2024/2/2,23,82,0
M3,I1,2024/2/3,24,83,0
M3,I1,2024/2/4,25,84,0
M3,I1,2024/2/5,26,85,2
M3,I1,2024/2/6,27,86,0
M3,I1,2024/2/7,28,87,3
M3,I1,2024/2/8,29,88,2
M3,I1,2024/2/9,30,89,0
M4,I1,2024/2/10,1,90,3
M4,I1,2024/2/11,2,91,0
M4,I1,2024/2/12,3,92,0
M4,I1,2024/2/13,4,93,0
M4,I1,2024/2/14,5,94,0
M4,I1,2024/2/15,6,95,0
M4,I1,2024/2/16,7,96,1
M4,I1,2024/2/17,8,97,7
M4,I1,2024/2/18,9,98,0
M4,I1,2024/2/19,10,99,0
M4,I1,2024/2/20,11,100,0
M4,I1,2024/2/21,12,101,0
M4,I1,2024/2/22,13,102,0
M4,I1,2024/2/23,14,103,0
M4,I1,2024/2/24,15,104,0
M4,I1,2024/2/25,16,105,0
M4,I1,2024/2/26,17,106,0
M4,I1,2024/2/27,18,107,0
M4,I1,2024/2/28,19,108,0
M4,I1,2024/2/29,20,109,0
M4,I1,2024/3/1,21,110,0
M4,I1,2024/3/2,22,111,0
M4,I1,2024/3/3,23,112,0
M4,I1,2024/3/4,24,113,0
M4,I1,2024/3/5,25,114,0
M4,I1,2024/3/6,26,115,0
M4,I1,2024/3/7,27,116,0
M4,I1,2024/3/8,28,117,0
M4,I1,2024/3/9,29,118,0
M6,I1,2024/4/9,1,119,0
M6,I1,2024/4/10,2,120,1
M6,I1,2024/4/11,3,121,0
M6,I1,2024/4/12,4,122,3
M6,I1,2024/4/13,5,123,0
M6,I1,2024/4/14,6,124,1
M6,I1,2024/4/15,7,125,1
M6,I1,2024/4/16,8,126,1
M6,I1,2024/4/17,9,127,2
M6,I1,2024/4/18,10,128,0
M6,I1,2024/4/19,11,129,0
M6,I1,2024/4/20,12,130,0
M6,I1,2024/4/21,13,131,0
M6,I1,2024/4/22,14,132,0
M6,I1,2024/4/23,15,133,0
M6,I1,2024/4/24,16,134,0
M6,I1,2024/4/25,17,135,0
M6,I1,2024/4/26,18,136,0
M6,I1,2024/4/27,19,137,0
M6,I1,2024/4/28,20,138,0
M6,I1,2024/4/29,21,139,0
M6,I1,2024/4/30,22,140,0
M6,I1,2024/5/1,23,141,0
M6,I1,2024/5/2,24,142,0
M6,I1,2024/5/3,25,143,0
M6,I1,2024/5/4,26,144,0
M6,I1,2024/5/5,27,145,0
M6,I1,2024/5/6,28,146,0
M6,I1,2024/5/7,29,147,0
M1,I2,2023/11/13,1,1,0
M1,I2,2023/11/14,2,2,0
M1,I2,2023/11/15,3,3,8
M1,I2,2023/11/16,4,4,12
M1,I2,2023/11/17,5,5,1
M1,I2,2023/11/18,6,6,3
M1,I2,2023/11/19,7,7,5
M1,I2,2023/11/20,8,8,35
M1,I2,2023/11/21,9,9,67
M1,I2,2023/11/22,10,10,73
M1,I2,2023/11/23,11,11,34
M1,I2,2023/11/24,12,12,70
M1,I2,2023/11/25,13,13,49
M1,I2,2023/11/26,14,14,0
M1,I2,2023/11/27,15,15,0
M1,I2,2023/11/28,16,16,0
M1,I2,2023/11/29,17,17,0
M1,I2,2023/11/30,18,18,0
M1,I2,2023/12/1,19,19,0
M1,I2,2023/12/2,20,20,0
M1,I2,2023/12/3,21,21,0
M1,I2,2023/12/4,22,22,0
M1,I2,2023/12/5,23,23,0
M1,I2,2023/12/6,24,24,0
M1,I2,2023/12/7,25,25,0
M1,I2,2023/12/8,26,26,0
M1,I2,2023/12/9,27,27,0
M1,I2,2023/12/10,28,28,0
M1,I2,2023/12/11,29,29,0
M1,I2,2023/12/12,30,30,0
M2,I2,2023/12/13,1,31,0
M2,I2,2023/12/14,2,32,2
M2,I2,2023/12/15,3,33,0
M2,I2,2023/12/16,4,34,1
M2,I2,2023/12/17,5,35,0
M2,I2,2023/12/18,6,36,0
M2,I2,2023/12/19,7,37,0
M2,I2,2023/12/20,8,38,1
M2,I2,2023/12/21,9,39,0
M2,I2,2023/12/22,10,40,11
M2,I2,2023/12/23,11,41,0
M2,I2,2023/12/24,12,42,0
M2,I2,2023/12/25,13,43,0
M2,I2,2023/12/26,14,44,0
M2,I2,2023/12/27,15,45,0
M2,I2,2023/12/28,16,46,0
M2,I2,2023/12/29,17,47,0
M2,I2,2023/12/30,18,48,0
M2,I2,2023/12/31,19,49,0
M2,I2,2024/1/1,20,50,0
M2,I2,2024/1/2,21,51,0
M2,I2,2024/1/3,22,52,0
M2,I2,2024/1/4,23,53,0
M2,I2,2024/1/5,24,54,0
M2,I2,2024/1/6,25,55,0
M2,I2,2024/1/7,26,56,0
M2,I2,2024/1/8,27,57,9
M2,I2,2024/1/9,28,58,0
M2,I2,2024/1/10,29,59,5
M3,I2,2024/1/11,1,60,0
M3,I2,2024/1/12,2,61,0
M3,I2,2024/1/13,3,62,3
M3,I2,2024/1/14,4,63,1
M3,I2,2024/1/15,5,64,0
M3,I2,2024/1/16,6,65,2
M3,I2,2024/1/17,7,66,0
M3,I2,2024/1/18,8,67,0
M3,I2,2024/1/19,9,68,0
M3,I2,2024/1/20,10,69,0
M3,I2,2024/1/21,11,70,0
M3,I2,2024/1/22,12,71,0
M3,I2,2024/1/23,13,72,0
M3,I2,2024/1/24,14,73,0
M3,I2,2024/1/25,15,74,0
M3,I2,2024/1/26,16,75,0
M3,I2,2024/1/27,17,76,0
M3,I2,2024/1/28,18,77,0
M3,I2,2024/1/29,19,78,0
M3,I2,2024/1/30,20,79,0
M3,I2,2024/1/31,21,80,0
M3,I2,2024/2/1,22,81,0
M3,I2,2024/2/2,23,82,0
M3,I2,2024/2/3,24,83,0
M3,I2,2024/2/4,25,84,0
M3,I2,2024/2/5,26,85,0
M3,I2,2024/2/6,27,86,0
M3,I2,2024/2/7,28,87,0
M3,I2,2024/2/8,29,88,0
M3,I2,2024/2/9,30,89,0
M4,I2,2024/2/10,1,90,0
M4,I2,2024/2/11,2,91,0
M4,I2,2024/2/12,3,92,0
M4,I2,2024/2/13,4,93,0
M4,I2,2024/2/14,5,94,0
M4,I2,2024/2/15,6,95,0
M4,I2,2024/2/16,7,96,0
M4,I2,2024/2/17,8,97,0
M4,I2,2024/2/18,9,98,0
M4,I2,2024/2/19,10,99,0
M4,I2,2024/2/20,11,100,0
M4,I2,2024/2/21,12,101,0
M4,I2,2024/2/22,13,102,0
M4,I2,2024/2/23,14,103,0
M4,I2,2024/2/24,15,104,0
M4,I2,2024/2/25,16,105,0
M4,I2,2024/2/26,17,106,0
M4,I2,2024/2/27,18,107,0
M4,I2,2024/2/28,19,108,0
M4,I2,2024/2/29,20,109,0
M4,I2,2024/3/1,21,110,0
M4,I2,2024/3/2,22,111,0
M4,I2,2024/3/3,23,112,0
M4,I2,2024/3/4,24,113,0
M4,I2,2024/3/5,25,114,0
M4,I2,2024/3/6,26,115,0
M4,I2,2024/3/7,27,116,0
M4,I2,2024/3/8,28,117,0
M4,I2,2024/3/9,29,118,0
M6,I2,2024/4/9,1,119,0
M6,I2,2024/4/10,2,120,0
M6,I2,2024/4/11,3,121,0
M6,I2,2024/4/12,4,122,5
M6,I2,2024/4/13,5,123,4
M6,I2,2024/4/14,6,124,1
M6,I2,2024/4/15,7,125,3
M6,I2,2024/4/16,8,126,0
M6,I2,2024/4/17,9,127,14
M6,I2,2024/4/18,10,128,0
M6,I2,2024/4/19,11,129,0
M6,I2,2024/4/20,12,130,0
M6,I2,2024/4/21,13,131,0
M6,I2,2024/4/22,14,132,0
M6,I2,2024/4/23,15,133,0
M6,I2,2024/4/24,16,134,0
M6,I2,2024/4/25,17,135,0
M6,I2,2024/4/26,18,136,0
M6,I2,2024/4/27,19,137,0
M6,I2,2024/4/28,20,138,0
M6,I2,2024/4/29,21,139,0
M6,I2,2024/4/30,22,140,0
M6,I2,2024/5/1,23,141,0
M6,I2,2024/5/2,24,142,0
M6,I2,2024/5/3,25,143,0
M6,I2,2024/5/4,26,144,0
M6,I2,2024/5/5,27,145,0
M6,I2,2024/5/6,28,146,0
M6,I2,2024/5/7,29,147,0
M1,I3,2023/11/13,1,1,0
M1,I3,2023/11/14,2,2,1
M1,I3,2023/11/15,3,3,3
M1,I3,2023/11/16,4,4,8
M1,I3,2023/11/17,5,5,107
M1,I3,2023/11/18,6,6,256
M1,I3,2023/11/19,7,7,121
M1,I3,2023/11/20,8,8,58
M1,I3,2023/11/21,9,9,84
M1,I3,2023/11/22,10,10,22
M1,I3,2023/11/23,11,11,55
M1,I3,2023/11/24,12,12,5
M1,I3,2023/11/25,13,13,0
M1,I3,2023/11/26,14,14,0
M1,I3,2023/11/27,15,15,0
M1,I3,2023/11/28,16,16,0
M1,I3,2023/11/29,17,17,0
M1,I3,2023/11/30,18,18,0
M1,I3,2023/12/1,19,19,0
M1,I3,2023/12/2,20,20,0
M1,I3,2023/12/3,21,21,0
M1,I3,2023/12/4,22,22,0
M1,I3,2023/12/5,23,23,0
M1,I3,2023/12/6,24,24,0
M1,I3,2023/12/7,25,25,0
M1,I3,2023/12/8,26,26,0
M1,I3,2023/12/9,27,27,0
M1,I3,2023/12/10,28,28,0
M1,I3,2023/12/11,29,29,0
M1,I3,2023/12/12,30,30,0
M2,I3,2023/12/13,1,31,0
M2,I3,2023/12/14,2,32,0
M2,I3,2023/12/15,3,33,2
M2,I3,2023/12/16,4,34,7
M2,I3,2023/12/17,5,35,0
M2,I3,2023/12/18,6,36,0
M2,I3,2023/12/19,7,37,1
M2,I3,2023/12/20,8,38,0
M2,I3,2023/12/21,9,39,0
M2,I3,2023/12/22,10,40,0
M2,I3,2023/12/23,11,41,0
M2,I3,2023/12/24,12,42,0
M2,I3,2023/12/25,13,43,0
M2,I3,2023/12/26,14,44,0
M2,I3,2023/12/27,15,45,0
M2,I3,2023/12/28,16,46,0
M2,I3,2023/12/29,17,47,0
M2,I3,2023/12/30,18,48,0
M2,I3,2023/12/31,19,49,0
M2,I3,2024/1/1,20,50,0
M2,I3,2024/1/2,21,51,0
M2,I3,2024/1/3,22,52,0
M2,I3,2024/1/4,23,53,0
M2,I3,2024/1/5,24,54,0
M2,I3,2024/1/6,25,55,0
M2,I3,2024/1/7,26,56,0
M2,I3,2024/1/8,27,57,3
M2,I3,2024/1/9,28,58,5
M2,I3,2024/1/10,29,59,0
M3,I3,2024/1/11,1,60,0
M3,I3,2024/1/12,2,61,3
M3,I3,2024/1/13,3,62,1
M3,I3,2024/1/14,4,63,7
M3,I3,2024/1/15,5,64,0
M3,I3,2024/1/16,6,65,23
M3,I3,2024/1/17,7,66,0
M3,I3,2024/1/18,8,67,0
M3,I3,2024/1/19,9,68,0
M3,I3,2024/1/20,10,69,0
M3,I3,2024/1/21,11,70,0
M3,I3,2024/1/22,12,71,0
M3,I3,2024/1/23,13,72,0
M3,I3,2024/1/24,14,73,0
M3,I3,2024/1/25,15,74,0
M3,I3,2024/1/26,16,75,0
M3,I3,2024/1/27,17,76,0
M3,I3,2024/1/28,18,77,0
M3,I3,2024/1/29,19,78,0
M3,I3,2024/1/30,20,79,0
M3,I3,2024/1/31,21,80,0
M3,I3,2024/2/1,22,81,0
M3,I3,2024/2/2,23,82,0
M3,I3,2024/2/3,24,83,0
M3,I3,2024/2/4,25,84,0
M3,I3,2024/2/5,26,85,15
M3,I3,2024/2/6,27,86,0
M3,I3,2024/2/7,28,87,0
M3,I3,2024/2/8,29,88,0
M3,I3,2024/2/9,30,89,0
M4,I3,2024/2/10,1,90,88
M4,I3,2024/2/11,2,91,26
M4,I3,2024/2/12,3,92,115
M4,I3,2024/2/13,4,93,17
M4,I3,2024/2/14,5,94,4
M4,I3,2024/2/15,6,95,10
M4,I3,2024/2/16,7,96,5
M4,I3,2024/2/17,8,97,23
M4,I3,2024/2/18,9,98,0
M4,I3,2024/2/19,10,99,0
M4,I3,2024/2/20,11,100,0
M4,I3,2024/2/21,12,101,0
M4,I3,2024/2/22,13,102,0
M4,I3,2024/2/23,14,103,0
M4,I3,2024/2/24,15,104,0
M4,I3,2024/2/25,16,105,0
M4,I3,2024/2/26,17,106,0
M4,I3,2024/2/27,18,107,0
M4,I3,2024/2/28,19,108,0
M4,I3,2024/2/29,20,109,0
M4,I3,2024/3/1,21,110,0
M4,I3,2024/3/2,22,111,0
M4,I3,2024/3/3,23,112,0
M4,I3,2024/3/4,24,113,0
M4,I3,2024/3/5,25,114,0
M4,I3,2024/3/6,26,115,0
M4,I3,2024/3/7,27,116,0
M4,I3,2024/3/8,28,117,0
M4,I3,2024/3/9,29,118,0
M6,I3,2024/4/9,1,119,2
M6,I3,2024/4/10,2,120,0
M6,I3,2024/4/11,3,121,0
M6,I3,2024/4/12,4,122,0
M6,I3,2024/4/13,5,123,2
M6,I3,2024/4/14,6,124,3
M6,I3,2024/4/15,7,125,28
M6,I3,2024/4/16,8,126,0
M6,I3,2024/4/17,9,127,0
M6,I3,2024/4/18,10,128,0
M6,I3,2024/4/19,11,129,0
M6,I3,2024/4/20,12,130,0
M6,I3,2024/4/21,13,131,0
M6,I3,2024/4/22,14,132,0
M6,I3,2024/4/23,15,133,0
M6,I3,2024/4/24,16,134,0
M6,I3,2024/4/25,17,135,0
M6,I3,2024/4/26,18,136,0
M6,I3,2024/4/27,19,137,0
M6,I3,2024/4/28,20,138,0
M6,I3,2024/4/29,21,139,0
M6,I3,2024/4/30,22,140,0
M6,I3,2024/5/1,23,141,0
M6,I3,2024/5/2,24,142,0
M6,I3,2024/5/3,25,143,0
M6,I3,2024/5/4,26,144,0
M6,I3,2024/5/5,27,145,0
M6,I3,2024/5/6,28,146,0
M6,I3,2024/5/7,29,147,0
M1,I4,2023/11/13,1,1,0
M1,I4,2023/11/14,2,2,1
M1,I4,2023/11/15,3,3,0
M1,I4,2023/11/16,4,4,12
M1,I4,2023/11/17,5,5,43
M1,I4,2023/11/18,6,6,11
M1,I4,2023/11/19,7,7,82
M1,I4,2023/11/20,8,8,104
M1,I4,2023/11/21,9,9,104
M1,I4,2023/11/22,10,10,400
M1,I4,2023/11/23,11,11,366
M1,I4,2023/11/24,12,12,431
M1,I4,2023/11/25,13,13,154
M1,I4,2023/11/26,14,14,152
M1,I4,2023/11/27,15,15,95
M1,I4,2023/11/28,16,16,24
M1,I4,2023/11/29,17,17,49
M1,I4,2023/11/30,18,18,12
M1,I4,2023/12/1,19,19,0
M1,I4,2023/12/2,20,20,6
M1,I4,2023/12/3,21,21,0
M1,I4,2023/12/4,22,22,0
M1,I4,2023/12/5,23,23,0
M1,I4,2023/12/6,24,24,0
M1,I4,2023/12/7,25,25,0
M1,I4,2023/12/8,26,26,0
M1,I4,2023/12/9,27,27,0
M1,I4,2023/12/10,28,28,0
M1,I4,2023/12/11,29,29,0
M1,I4,2023/12/12,30,30,0
M2,I4,2023/12/13,1,31,0
M2,I4,2023/12/14,2,32,0
M2,I4,2023/12/15,3,33,0
M2,I4,2023/12/16,4,34,93
M2,I4,2023/12/17,5,35,4
M2,I4,2023/12/18,6,36,0
M2,I4,2023/12/19,7,37,0
M2,I4,2023/12/20,8,38,0
M2,I4,2023/12/21,9,39,0
M2,I4,2023/12/22,10,40,0
M2,I4,2023/12/23,11,41,0
M2,I4,2023/12/24,12,42,0
M2,I4,2023/12/25,13,43,0
M2,I4,2023/12/26,14,44,0
M2,I4,2023/12/27,15,45,0
M2,I4,2023/12/28,16,46,0
M2,I4,2023/12/29,17,47,0
M2,I4,2023/12/30,18,48,0
M2,I4,2023/12/31,19,49,0
M2,I4,2024/1/1,20,50,0
M2,I4,2024/1/2,21,51,0
M2,I4,2024/1/3,22,52,0
M2,I4,2024/1/4,23,53,0
M2,I4,2024/1/5,24,54,0
M2,I4,2024/1/6,25,55,0
M2,I4,2024/1/7,26,56,0
M2,I4,2024/1/8,27,57,0
M2,I4,2024/1/9,28,58,0
M2,I4,2024/1/10,29,59,0
M3,I4,2024/1/11,1,60,0
M3,I4,2024/1/12,2,61,0
M3,I4,2024/1/13,3,62,0
M3,I4,2024/1/14,4,63,9
M3,I4,2024/1/15,5,64,7
M3,I4,2024/1/16,6,65,4
M3,I4,2024/1/17,7,66,0
M3,I4,2024/1/18,8,67,0
M3,I4,2024/1/19,9,68,0
M3,I4,2024/1/20,10,69,0
M3,I4,2024/1/21,11,70,0
M3,I4,2024/1/22,12,71,0
M3,I4,2024/1/23,13,72,0
M3,I4,2024/1/24,14,73,0
M3,I4,2024/1/25,15,74,0
M3,I4,2024/1/26,16,75,0
M3,I4,2024/1/27,17,76,0
M3,I4,2024/1/28,18,77,0
M3,I4,2024/1/29,19,78,0
M3,I4,2024/1/30,20,79,0
M3,I4,2024/1/31,21,80,0
M3,I4,2024/2/1,22,81,0
M3,I4,2024/2/2,23,82,0
M3,I4,2024/2/3,24,83,0
M3,I4,2024/2/4,25,84,0
M3,I4,2024/2/5,26,85,20
M3,I4,2024/2/6,27,86,55
M3,I4,2024/2/7,28,87,4
M3,I4,2024/2/8,29,88,0
M3,I4,2024/2/9,30,89,0
M4,I4,2024/2/10,1,90,1
M4,I4,2024/2/11,2,91,0
M4,I4,2024/2/12,3,92,2
M4,I4,2024/2/13,4,93,0
M4,I4,2024/2/14,5,94,0
M4,I4,2024/2/15,6,95,1
M4,I4,2024/2/16,7,96,3
M4,I4,2024/2/17,8,97,1
M4,I4,2024/2/18,9,98,0
M4,I4,2024/2/19,10,99,0
M4,I4,2024/2/20,11,100,0
M4,I4,2024/2/21,12,101,0
M4,I4,2024/2/22,13,102,0
M4,I4,2024/2/23,14,103,0
M4,I4,2024/2/24,15,104,0
M4,I4,2024/2/25,16,105,0
M4,I4,2024/2/26,17,106,0
M4,I4,2024/2/27,18,107,0
M4,I4,2024/2/28,19,108,0
M4,I4,2024/2/29,20,109,0
M4,I4,2024/3/1,21,110,0
M4,I4,2024/3/2,22,111,0
M4,I4,2024/3/3,23,112,0
M4,I4,2024/3/4,24,113,0
M4,I4,2024/3/5,25,114,0
M4,I4,2024/3/6,26,115,0
M4,I4,2024/3/7,27,116,0
M4,I4,2024/3/8,28,117,0
M4,I4,2024/3/9,29,118,0
M6,I4,2024/4/9,1,119,1
M6,I4,2024/4/10,2,120,0
M6,I4,2024/4/11,3,121,0
M6,I4,2024/4/12,4,122,0
M6,I4,2024/4/13,5,123,0
M6,I4,2024/4/14,6,124,0
M6,I4,2024/4/15,7,125,8
M6,I4,2024/4/16,8,126,6
M6,I4,2024/4/17,9,127,0
M6,I4,2024/4/18,10,128,0
M6,I4,2024/4/19,11,129,0
M6,I4,2024/4/20,12,130,0
M6,I4,2024/4/21,13,131,0
M6,I4,2024/4/22,14,132,0
M6,I4,2024/4/23,15,133,0
M6,I4,2024/4/24,16,134,0
M6,I4,2024/4/25,17,135,0
M6,I4,2024/4/26,18,136,0
M6,I4,2024/4/27,19,137,0
M6,I4,2024/4/28,20,138,0
M6,I4,2024/4/29,21,139,0
M6,I4,2024/4/30,22,140,0
M6,I4,2024/5/1,23,141,0
M6,I4,2024/5/2,24,142,0
M6,I4,2024/5/3,25,143,0
M6,I4,2024/5/4,26,144,0
M6,I4,2024/5/5,27,145,0
M6,I4,2024/5/6,28,146,0
M6,I4,2024/5/7,29,147,0
M1,I5,2023/11/13,1,1,3
M1,I5,2023/11/14,2,2,9
M1,I5,2023/11/15,3,3,20
M1,I5,2023/11/16,4,4,6
M1,I5,2023/11/17,5,5,11
M1,I5,2023/11/18,6,6,70
M1,I5,2023/11/19,7,7,22
M1,I5,2023/11/20,8,8,13
M1,I5,2023/11/21,9,9,6
M1,I5,2023/11/22,10,10,3
M1,I5,2023/11/23,11,11,1
M1,I5,2023/11/24,12,12,2
M1,I5,2023/11/25,13,13,0
M1,I5,2023/11/26,14,14,0
M1,I5,2023/11/27,15,15,0
M1,I5,2023/11/28,16,16,0
M1,I5,2023/11/29,17,17,0
M1,I5,2023/11/30,18,18,0
M1,I5,2023/12/1,19,19,0
M1,I5,2023/12/2,20,20,0
M1,I5,2023/12/3,21,21,0
M1,I5,2023/12/4,22,22,0
M1,I5,2023/12/5,23,23,0
M1,I5,2023/12/6,24,24,0
M1,I5,2023/12/7,25,25,0
M1,I5,2023/12/8,26,26,0
M1,I5,2023/12/9,27,27,0
M1,I5,2023/12/10,28,28,0
M1,I5,2023/12/11,29,29,0
M1,I5,2023/12/12,30,30,0
M2,I5,2023/12/13,1,31,0
M2,I5,2023/12/14,2,32,57
M2,I5,2023/12/15,3,33,115
M2,I5,2023/12/16,4,34,16
M2,I5,2023/12/17,5,35,18
M2,I5,2023/12/18,6,36,1
M2,I5,2023/12/19,7,37,1
M2,I5,2023/12/20,8,38,0
M2,I5,2023/12/21,9,39,0
M2,I5,2023/12/22,10,40,1
M2,I5,2023/12/23,11,41,0
M2,I5,2023/12/24,12,42,0
M2,I5,2023/12/25,13,43,0
M2,I5,2023/12/26,14,44,0
M2,I5,2023/12/27,15,45,0
M2,I5,2023/12/28,16,46,0
M2,I5,2023/12/29,17,47,0
M2,I5,2023/12/30,18,48,0
M2,I5,2023/12/31,19,49,0
M2,I5,2024/1/1,20,50,0
M2,I5,2024/1/2,21,51,0
M2,I5,2024/1/3,22,52,0
M2,I5,2024/1/4,23,53,0
M2,I5,2024/1/5,24,54,0
M2,I5,2024/1/6,25,55,0
M2,I5,2024/1/7,26,56,0
M2,I5,2024/1/8,27,57,0
M2,I5,2024/1/9,28,58,0
M2,I5,2024/1/10,29,59,0
M3,I5,2024/1/11,1,60,3
M3,I5,2024/1/12,2,61,9
M3,I5,2024/1/13,3,62,0
M3,I5,2024/1/14,4,63,9
M3,I5,2024/1/15,5,64,20
M3,I5,2024/1/16,6,65,32
M3,I5,2024/1/17,7,66,0
M3,I5,2024/1/18,8,67,9
M3,I5,2024/1/19,9,68,0
M3,I5,2024/1/20,10,69,0
M3,I5,2024/1/21,11,70,0
M3,I5,2024/1/22,12,71,0
M3,I5,2024/1/23,13,72,0
M3,I5,2024/1/24,14,73,0
M3,I5,2024/1/25,15,74,0
M3,I5,2024/1/26,16,75,0
M3,I5,2024/1/27,17,76,0
M3,I5,2024/1/28,18,77,0
M3,I5,2024/1/29,19,78,0
M3,I5,2024/1/30,20,79,0
M3,I5,2024/1/31,21,80,0
M3,I5,2024/2/1,22,81,0
M3,I5,2024/2/2,23,82,0
M3,I5,2024/2/3,24,83,0
M3,I5,2024/2/4,25,84,0
M3,I5,2024/2/5,26,85,6
M3,I5,2024/2/6,27,86,0
M3,I5,2024/2/7,28,87,3
M3,I5,2024/2/8,29,88,20
M3,I5,2024/2/9,30,89,0
M4,I5,2024/2/10,1,90,2
M4,I5,2024/2/11,2,91,0
M4,I5,2024/2/12,3,92,0
M4,I5,2024/2/13,4,93,0
M4,I5,2024/2/14,5,94,0
M4,I5,2024/2/15,6,95,0
M4,I5,2024/2/16,7,96,1
M4,I5,2024/2/17,8,97,0
M4,I5,2024/2/18,9,98,0
M4,I5,2024/2/19,10,99,0
M4,I5,2024/2/20,11,100,0
M4,I5,2024/2/21,12,101,0
M4,I5,2024/2/22,13,102,0
M4,I5,2024/2/23,14,103,0
M4,I5,2024/2/24,15,104,0
M4,I5,2024/2/25,16,105,0
M4,I5,2024/2/26,17,106,0
M4,I5,2024/2/27,18,107,0
M4,I5,2024/2/28,19,108,0
M4,I5,2024/2/29,20,109,0
M4,I5,2024/3/1,21,110,0
M4,I5,2024/3/2,22,111,0
M4,I5,2024/3/3,23,112,0
M4,I5,2024/3/4,24,113,0
M4,I5,2024/3/5,25,114,0
M4,I5,2024/3/6,26,115,0
M4,I5,2024/3/7,27,116,0
M4,I5,2024/3/8,28,117,0
M4,I5,2024/3/9,29,118,0
M6,I5,2024/4/9,1,119,68
M6,I5,2024/4/10,2,120,111
M6,I5,2024/4/11,3,121,155
M6,I5,2024/4/12,4,122,158
M6,I5,2024/4/13,5,123,11
M6,I5,2024/4/14,6,124,7
M6,I5,2024/4/15,7,125,14
M6,I5,2024/4/16,8,126,7
M6,I5,2024/4/17,9,127,0
M6,I5,2024/4/18,10,128,0
M6,I5,2024/4/19,11,129,0
M6,I5,2024/4/20,12,130,0
M6,I5,2024/4/21,13,131,0
M6,I5,2024/4/22,14,132,0
M6,I5,2024/4/23,15,133,0
M6,I5,2024/4/24,16,134,0
M6,I5,2024/4/25,17,135,0
M6,I5,2024/4/26,18,136,0
M6,I5,2024/4/27,19,137,0
M6,I5,2024/4/28,20,138,0
M6,I5,2024/4/29,21,139,0
M6,I5,2024/4/30,22,140,0
M6,I5,2024/5/1,23,141,0
M6,I5,2024/5/2,24,142,0
M6,I5,2024/5/3,25,143,0
M6,I5,2024/5/4,26,144,0
M6,I5,2024/5/5,27,145,0
M6,I5,2024/5/6,28,146,0
M6,I5,2024/5/7,29,147,0
M1,I6,2023/11/13,1,1,0
M1,I6,2023/11/14,2,2,0
M1,I6,2023/11/15,3,3,0
M1,I6,2023/11/16,4,4,0
M1,I6,2023/11/17,5,5,0
M1,I6,2023/11/18,6,6,3
M1,I6,2023/11/19,7,7,6
M1,I6,2023/11/20,8,8,10
M1,I6,2023/11/21,9,9,7
M1,I6,2023/11/22,10,10,13
M1,I6,2023/11/23,11,11,13
M1,I6,2023/11/24,12,12,7
M1,I6,2023/11/25,13,13,0
M1,I6,2023/11/26,14,14,6
M1,I6,2023/11/27,15,15,3
M1,I6,2023/11/28,16,16,0
M1,I6,2023/11/29,17,17,0
M1,I6,2023/11/30,18,18,0
M1,I6,2023/12/1,19,19,0
M1,I6,2023/12/2,20,20,0
M1,I6,2023/12/3,21,21,0
M1,I6,2023/12/4,22,22,0
M1,I6,2023/12/5,23,23,0
M1,I6,2023/12/6,24,24,0
M1,I6,2023/12/7,25,25,0
M1,I6,2023/12/8,26,26,0
M1,I6,2023/12/9,27,27,0
M1,I6,2023/12/10,28,28,0
M1,I6,2023/12/11,29,29,0
M1,I6,2023/12/12,30,30,0
M2,I6,2023/12/13,1,31,0
M2,I6,2023/12/14,2,32,0
M2,I6,2023/12/15,3,33,1
M2,I6,2023/12/16,4,34,1
M2,I6,2023/12/17,5,35,0
M2,I6,2023/12/18,6,36,0
M2,I6,2023/12/19,7,37,0
M2,I6,2023/12/20,8,38,0
M2,I6,2023/12/21,9,39,0
M2,I6,2023/12/22,10,40,0
M2,I6,2023/12/23,11,41,3
M2,I6,2023/12/24,12,42,0
M2,I6,2023/12/25,13,43,0
M2,I6,2023/12/26,14,44,0
M2,I6,2023/12/27,15,45,0
M2,I6,2023/12/28,16,46,0
M2,I6,2023/12/29,17,47,0
M2,I6,2023/12/30,18,48,0
M2,I6,2023/12/31,19,49,0
M2,I6,2024/1/1,20,50,0
M2,I6,2024/1/2,21,51,0
M2,I6,2024/1/3,22,52,0
M2,I6,2024/1/4,23,53,0
M2,I6,2024/1/5,24,54,0
M2,I6,2024/1/6,25,55,0
M2,I6,2024/1/7,26,56,0
M2,I6,2024/1/8,27,57,0
M2,I6,2024/1/9,28,58,0
M2,I6,2024/1/10,29,59,2
M3,I6,2024/1/11,1,60,15
M3,I6,2024/1/12,2,61,24
M3,I6,2024/1/13,3,62,1
M3,I6,2024/1/14,4,63,0
M3,I6,2024/1/15,5,64,0
M3,I6,2024/1/16,6,65,3
M3,I6,2024/1/17,7,66,0
M3,I6,2024/1/18,8,67,0
M3,I6,2024/1/19,9,68,0
M3,I6,2024/1/20,10,69,0
M3,I6,2024/1/21,11,70,0
M3,I6,2024/1/22,12,71,0
M3,I6,2024/1/23,13,72,0
M3,I6,2024/1/24,14,73,0
M3,I6,2024/1/25,15,74,0
M3,I6,2024/1/26,16,75,0
M3,I6,2024/1/27,17,76,0
M3,I6,2024/1/28,18,77,0
M3,I6,2024/1/29,19,78,0
M3,I6,2024/1/30,20,79,0
M3,I6,2024/1/31,21,80,0
M3,I6,2024/2/1,22,81,0
M3,I6,2024/2/2,23,82,0
M3,I6,2024/2/3,24,83,0
M3,I6,2024/2/4,25,84,0
M3,I6,2024/2/5,26,85,38
M3,I6,2024/2/6,27,86,0
M3,I6,2024/2/7,28,87,0
M3,I6,2024/2/8,29,88,0
M3,I6,2024/2/9,30,89,5
M4,I6,2024/2/10,1,90,17
M4,I6,2024/2/11,2,91,27
M4,I6,2024/2/12,3,92,19
M4,I6,2024/2/13,4,93,85
M4,I6,2024/2/14,5,94,411
M4,I6,2024/2/15,6,95,157
M4,I6,2024/2/16,7,96,0
M4,I6,2024/2/17,8,97,4
M4,I6,2024/2/18,9,98,0
M4,I6,2024/2/19,10,99,0
M4,I6,2024/2/20,11,100,0
M4,I6,2024/2/21,12,101,0
M4,I6,2024/2/22,13,102,0
M4,I6,2024/2/23,14,103,0
M4,I6,2024/2/24,15,104,0
M4,I6,2024/2/25,16,105,0
M4,I6,2024/2/26,17,106,0
M4,I6,2024/2/27,18,107,0
M4,I6,2024/2/28,19,108,0
M4,I6,2024/2/29,20,109,0
M4,I6,2024/3/1,21,110,0
M4,I6,2024/3/2,22,111,0
M4,I6,2024/3/3,23,112,0
M4,I6,2024/3/4,24,113,0
M4,I6,2024/3/5,25,114,0
M4,I6,2024/3/6,26,115,0
M4,I6,2024/3/7,27,116,0
M4,I6,2024/3/8,28,117,0
M4,I6,2024/3/9,29,118,0
M6,I6,2024/4/9,1,119,0
M6,I6,2024/4/10,2,120,0
M6,I6,2024/4/11,3,121,0
M6,I6,2024/4/12,4,122,0
M6,I6,2024/4/13,5,123,1
M6,I6,2024/4/14,6,124,0
M6,I6,2024/4/15,7,125,77
M6,I6,2024/4/16,8,126,3
M6,I6,2024/4/17,9,127,0
M6,I6,2024/4/18,10,128,0
M6,I6,2024/4/19,11,129,0
M6,I6,2024/4/20,12,130,0
M6,I6,2024/4/21,13,131,0
M6,I6,2024/4/22,14,132,0
M6,I6,2024/4/23,15,133,0
M6,I6,2024/4/24,16,134,0
M6,I6,2024/4/25,17,135,0
M6,I6,2024/4/26,18,136,0
M6,I6,2024/4/27,19,137,0
M6,I6,2024/4/28,20,138,0
M6,I6,2024/4/29,21,139,0
M6,I6,2024/4/30,22,140,0
M6,I6,2024/5/1,23,141,0
M6,I6,2024/5/2,24,142,0
M6,I6,2024/5/3,25,143,0
M6,I6,2024/5/4,26,144,0
M6,I6,2024/5/5,27,145,0
M6,I6,2024/5/6,28,146,0
M6,I6,2024/5/7,29,147,0
M1,I7,2023/11/13,1,1,0
M1,I7,2023/11/14,2,2,1
M1,I7,2023/11/15,3,3,1
M1,I7,2023/11/16,4,4,3
M1,I7,2023/11/17,5,5,2
M1,I7,2023/11/18,6,6,0
M1,I7,2023/11/19,7,7,2
M1,I7,2023/11/20,8,8,15
M1,I7,2023/11/21,9,9,0
M1,I7,2023/11/22,10,10,3
M1,I7,2023/11/23,11,11,2
M1,I7,2023/11/24,12,12,0
M1,I7,2023/11/25,13,13,2
M1,I7,2023/11/26,14,14,0
M1,I7,2023/11/27,15,15,0
M1,I7,2023/11/28,16,16,0
M1,I7,2023/11/29,17,17,0
M1,I7,2023/11/30,18,18,0
M1,I7,2023/12/1,19,19,0
M1,I7,2023/12/2,20,20,0
M1,I7,2023/12/3,21,21,0
M1,I7,2023/12/4,22,22,0
M1,I7,2023/12/5,23,23,0
M1,I7,2023/12/6,24,24,0
M1,I7,2023/12/7,25,25,0
M1,I7,2023/12/8,26,26,0
M1,I7,2023/12/9,27,27,0
M1,I7,2023/12/10,28,28,0
M1,I7,2023/12/11,29,29,0
M1,I7,2023/12/12,30,30,0
M2,I7,2023/12/13,1,31,0
M2,I7,2023/12/14,2,32,0
M2,I7,2023/12/15,3,33,0
M2,I7,2023/12/16,4,34,0
M2,I7,2023/12/17,5,35,0
M2,I7,2023/12/18,6,36,0
M2,I7,2023/12/19,7,37,0
M2,I7,2023/12/20,8,38,0
M2,I7,2023/12/21,9,39,0
M2,I7,2023/12/22,10,40,0
M2,I7,2023/12/23,11,41,0
M2,I7,2023/12/24,12,42,0
M2,I7,2023/12/25,13,43,0
M2,I7,2023/12/26,14,44,0
M2,I7,2023/12/27,15,45,0
M2,I7,2023/12/28,16,46,0
M2,I7,2023/12/29,17,47,0
M2,I7,2023/12/30,18,48,0
M2,I7,2023/12/31,19,49,0
M2,I7,2024/1/1,20,50,0
M2,I7,2024/1/2,21,51,0
M2,I7,2024/1/3,22,52,0
M2,I7,2024/1/4,23,53,0
M2,I7,2024/1/5,24,54,0
M2,I7,2024/1/6,25,55,0
M2,I7,2024/1/7,26,56,0
M2,I7,2024/1/8,27,57,0
M2,I7,2024/1/9,28,58,0
M2,I7,2024/1/10,29,59,0
M3,I7,2024/1/11,1,60,0
M3,I7,2024/1/12,2,61,0
M3,I7,2024/1/13,3,62,13
M3,I7,2024/1/14,4,63,0
M3,I7,2024/1/15,5,64,0
M3,I7,2024/1/16,6,65,0
M3,I7,2024/1/17,7,66,0
M3,I7,2024/1/18,8,67,0
M3,I7,2024/1/19,9,68,0
M3,I7,2024/1/20,10,69,0
M3,I7,2024/1/21,11,70,0
M3,I7,2024/1/22,12,71,0
M3,I7,2024/1/23,13,72,0
M3,I7,2024/1/24,14,73,0
M3,I7,2024/1/25,15,74,0
M3,I7,2024/1/26,16,75,0
M3,I7,2024/1/27,17,76,0
M3,I7,2024/1/28,18,77,0
M3,I7,2024/1/29,19,78,0
M3,I7,2024/1/30,20,79,0
M3,I7,2024/1/31,21,80,0
M3,I7,2024/2/1,22,81,0
M3,I7,2024/2/2,23,82,0
M3,I7,2024/2/3,24,83,0
M3,I7,2024/2/4,25,84,0
M3,I7,2024/2/5,26,85,0
M3,I7,2024/2/6,27,86,0
M3,I7,2024/2/7,28,87,0
M3,I7,2024/2/8,29,88,0
M3,I7,2024/2/9,30,89,0
M4,I7,2024/2/10,1,90,0
M4,I7,2024/2/11,2,91,0
M4,I7,2024/2/12,3,92,1
M4,I7,2024/2/13,4,93,0
M4,I7,2024/2/14,5,94,0
M4,I7,2024/2/15,6,95,1
M4,I7,2024/2/16,7,96,0
M4,I7,2024/2/17,8,97,2
M4,I7,2024/2/18,9,98,0
M4,I7,2024/2/19,10,99,0
M4,I7,2024/2/20,11,100,0
M4,I7,2024/2/21,12,101,0
M4,I7,2024/2/22,13,102,0
M4,I7,2024/2/23,14,103,0
M4,I7,2024/2/24,15,104,0
M4,I7,2024/2/25,16,105,0
M4,I7,2024/2/26,17,106,0
M4,I7,2024/2/27,18,107,0
M4,I7,2024/2/28,19,108,0
M4,I7,2024/2/29,20,109,0
M4,I7,2024/3/1,21,110,0
M4,I7,2024/3/2,22,111,0
M4,I7,2024/3/3,23,112,0
M4,I7,2024/3/4,24,113,0
M4,I7,2024/3/5,25,114,0
M4,I7,2024/3/6,26,115,0
M4,I7,2024/3/7,27,116,0
M4,I7,2024/3/8,28,117,0
M4,I7,2024/3/9,29,118,0
M6,I7,2024/4/9,1,119,0
M6,I7,2024/4/10,2,120,0
M6,I7,2024/4/11,3,121,0
M6,I7,2024/4/12,4,122,0
M6,I7,2024/4/13,5,123,0
M6,I7,2024/4/14,6,124,0
M6,I7,2024/4/15,7,125,2
M6,I7,2024/4/16,8,126,5
M6,I7,2024/4/17,9,127,0
M6,I7,2024/4/18,10,128,0
M6,I7,2024/4/19,11,129,0
M6,I7,2024/4/20,12,130,0
M6,I7,2024/4/21,13,131,0
M6,I7,2024/4/22,14,132,0
M6,I7,2024/4/23,15,133,0
M6,I7,2024/4/24,16,134,0
M6,I7,2024/4/25,17,135,0
M6,I7,2024/4/26,18,136,0
M6,I7,2024/4/27,19,137,0
M6,I7,2024/4/28,20,138,0
M6,I7,2024/4/29,21,139,0
M6,I7,2024/4/30,22,140,0
M6,I7,2024/5/1,23,141,0
M6,I7,2024/5/2,24,142,0
M6,I7,2024/5/3,25,143,0
M6,I7,2024/5/4,26,144,0
M6,I7,2024/5/5,27,145,0
M6,I7,2024/5/6,28,146,0
M6,I7,2024/5/7,29,147,0
M1,I8,2023/11/13,1,1,0
M1,I8,2023/11/14,2,2,0
M1,I8,2023/11/15,3,3,5
M1,I8,2023/11/16,4,4,0
M1,I8,2023/11/17,5,5,9
M1,I8,2023/11/18,6,6,8
M1,I8,2023/11/19,7,7,25
M1,I8,2023/11/20,8,8,4
M1,I8,2023/11/21,9,9,7
M1,I8,2023/11/22,10,10,48
M1,I8,2023/11/23,11,11,77
M1,I8,2023/11/24,12,12,109
M1,I8,2023/11/25,13,13,190
M1,I8,2023/11/26,14,14,60
M1,I8,2023/11/27,15,15,120
M1,I8,2023/11/28,16,16,41
M1,I8,2023/11/29,17,17,0
M1,I8,2023/11/30,18,18,38
M1,I8,2023/12/1,19,19,17
M1,I8,2023/12/2,20,20,12
M1,I8,2023/12/3,21,21,23
M1,I8,2023/12/4,22,22,1
M1,I8,2023/12/5,23,23,1
M1,I8,2023/12/6,24,24,0
M1,I8,2023/12/7,25,25,0
M1,I8,2023/12/8,26,26,0
M1,I8,2023/12/9,27,27,0
M1,I8,2023/12/10,28,28,0
M1,I8,2023/12/11,29,29,0
M1,I8,2023/12/12,30,30,0
M2,I8,2023/12/13,1,31,0
M2,I8,2023/12/14,2,32,0
M2,I8,2023/12/15,3,33,0
M2,I8,2023/12/16,4,34,0
M2,I8,2023/12/17,5,35,0
M2,I8,2023/12/18,6,36,0
M2,I8,2023/12/19,7,37,0
M2,I8,2023/12/20,8,38,0
M2,I8,2023/12/21,9,39,0
M2,I8,2023/12/22,10,40,0
M2,I8,2023/12/23,11,41,0
M2,I8,2023/12/24,12,42,0
M2,I8,2023/12/25,13,43,0
M2,I8,2023/12/26,14,44,0
M2,I8,2023/12/27,15,45,0
M2,I8,2023/12/28,16,46,0
M2,I8,2023/12/29,17,47,0
M2,I8,2023/12/30,18,48,0
M2,I8,2023/12/31,19,49,0
M2,I8,2024/1/1,20,50,0
M2,I8,2024/1/2,21,51,0
M2,I8,2024/1/3,22,52,0
M2,I8,2024/1/4,23,53,0
M2,I8,2024/1/5,24,54,0
M2,I8,2024/1/6,25,55,0
M2,I8,2024/1/7,26,56,0
M2,I8,2024/1/8,27,57,0
M2,I8,2024/1/9,28,58,0
M2,I8,2024/1/10,29,59,0
M3,I8,2024/1/11,1,60,0
M3,I8,2024/1/12,2,61,0
M3,I8,2024/1/13,3,62,0
M3,I8,2024/1/14,4,63,0
M3,I8,2024/1/15,5,64,0
M3,I8,2024/1/16,6,65,0
M3,I8,2024/1/17,7,66,0
M3,I8,2024/1/18,8,67,0
M3,I8,2024/1/19,9,68,0
M3,I8,2024/1/20,10,69,0
M3,I8,2024/1/21,11,70,0
M3,I8,2024/1/22,12,71,0
M3,I8,2024/1/23,13,72,0
M3,I8,2024/1/24,14,73,0
M3,I8,2024/1/25,15,74,0
M3,I8,2024/1/26,16,75,0
M3,I8,2024/1/27,17,76,0
M3,I8,2024/1/28,18,77,0
M3,I8,2024/1/29,19,78,0
M3,I8,2024/1/30,20,79,0
M3,I8,2024/1/31,21,80,0
M3,I8,2024/2/1,22,81,0
M3,I8,2024/2/2,23,82,0
M3,I8,2024/2/3,24,83,0
M3,I8,2024/2/4,25,84,0
M3,I8,2024/2/5,26,85,0
M3,I8,2024/2/6,27,86,0
M3,I8,2024/2/7,28,87,0
M3,I8,2024/2/8,29,88,0
M3,I8,2024/2/9,30,89,0
M4,I8,2024/2/10,1,90,0
M4,I8,2024/2/11,2,91,0
M4,I8,2024/2/12,3,92,0
M4,I8,2024/2/13,4,93,1
M4,I8,2024/2/14,5,94,0
M4,I8,2024/2/15,6,95,0
M4,I8,2024/2/16,7,96,0
M4,I8,2024/2/17,8,97,0
M4,I8,2024/2/18,9,98,0
M4,I8,2024/2/19,10,99,0
M4,I8,2024/2/20,11,100,0
M4,I8,2024/2/21,12,101,0
M4,I8,2024/2/22,13,102,0
M4,I8,2024/2/23,14,103,0
M4,I8,2024/2/24,15,104,0
M4,I8,2024/2/25,16,105,0
M4,I8,2024/2/26,17,106,0
M4,I8,2024/2/27,18,107,0
M4,I8,2024/2/28,19,108,0
M4,I8,2024/2/29,20,109,0
M4,I8,2024/3/1,21,110,0
M4,I8,2024/3/2,22,111,0
M4,I8,2024/3/3,23,112,0
M4,I8,2024/3/4,24,113,0
M4,I8,2024/3/5,25,114,0
M4,I8,2024/3/6,26,115,0
M4,I8,2024/3/7,27,116,0
M4,I8,2024/3/8,28,117,0
M4,I8,2024/3/9,29,118,0
M6,I8,2024/4/9,1,119,2
M6,I8,2024/4/10,2,120,0
M6,I8,2024/4/11,3,121,0
M6,I8,2024/4/12,4,122,0
M6,I8,2024/4/13,5,123,1
M6,I8,2024/4/14,6,124,2
M6,I8,2024/4/15,7,125,15
M6,I8,2024/4/16,8,126,3
M6,I8,2024/4/17,9,127,0
M6,I8,2024/4/18,10,128,0
M6,I8,2024/4/19,11,129,0
M6,I8,2024/4/20,12,130,0
M6,I8,2024/4/21,13,131,0
M6,I8,2024/4/22,14,132,0
M6,I8,2024/4/23,15,133,0
M6,I8,2024/4/24,16,134,0
M6,I8,2024/4/25,17,135,0
M6,I8,2024/4/26,18,136,0
M6,I8,2024/4/27,19,137,0
M6,I8,2024/4/28,20,138,0
M6,I8,2024/4/29,21,139,0
M6,I8,2024/4/30,22,140,0
M6,I8,2024/5/1,23,141,0
M6,I8,2024/5/2,24,142,0
M6,I8,2024/5/3,25,143,0
M6,I8,2024/5/4,26,144,0
M6,I8,2024/5/5,27,145,0
M6,I8,2024/5/6,28,146,0
M6,I8,2024/5/7,29,147,0
M1,I9,2023/11/13,1,1,44
M1,I9,2023/11/14,2,2,74
M1,I9,2023/11/15,3,3,332
M1,I9,2023/11/16,4,4,689
M1,I9,2023/11/17,5,5,1193
M1,I9,2023/11/18,6,6,239
M1,I9,2023/11/19,7,7,150
M1,I9,2023/11/20,8,8,45
M1,I9,2023/11/21,9,9,12
M1,I9,2023/11/22,10,10,9
M1,I9,2023/11/23,11,11,6
M1,I9,2023/11/24,12,12,9
M1,I9,2023/11/25,13,13,9
M1,I9,2023/11/26,14,14,4
M1,I9,2023/11/27,15,15,2
M1,I9,2023/11/28,16,16,2
M1,I9,2023/11/29,17,17,96
M1,I9,2023/11/30,18,18,0
M1,I9,2023/12/1,19,19,0
M1,I9,2023/12/2,20,20,0
M1,I9,2023/12/3,21,21,0
M1,I9,2023/12/4,22,22,0
M1,I9,2023/12/5,23,23,0
M1,I9,2023/12/6,24,24,0
M1,I9,2023/12/7,25,25,0
M1,I9,2023/12/8,26,26,0
M1,I9,2023/12/9,27,27,0
M1,I9,2023/12/10,28,28,0
M1,I9,2023/12/11,29,29,0
M1,I9,2023/12/12,30,30,0
M2,I9,2023/12/13,1,31,0
M2,I9,2023/12/14,2,32,0
M2,I9,2023/12/15,3,33,0
M2,I9,2023/12/16,4,34,0
M2,I9,2023/12/17,5,35,0
M2,I9,2023/12/18,6,36,0
M2,I9,2023/12/19,7,37,0
M2,I9,2023/12/20,8,38,0
M2,I9,2023/12/21,9,39,0
M2,I9,2023/12/22,10,40,0
M2,I9,2023/12/23,11,41,0
M2,I9,2023/12/24,12,42,0
M2,I9,2023/12/25,13,43,0
M2,I9,2023/12/26,14,44,0
M2,I9,2023/12/27,15,45,0
M2,I9,2023/12/28,16,46,0
M2,I9,2023/12/29,17,47,0
M2,I9,2023/12/30,18,48,0
M2,I9,2023/12/31,19,49,0
M2,I9,2024/1/1,20,50,0
M2,I9,2024/1/2,21,51,0
M2,I9,2024/1/3,22,52,0
M2,I9,2024/1/4,23,53,0
M2,I9,2024/1/5,24,54,0
M2,I9,2024/1/6,25,55,0
M2,I9,2024/1/7,26,56,0
M2,I9,2024/1/8,27,57,0
M2,I9,2024/1/9,28,58,0
M2,I9,2024/1/10,29,59,0
M3,I9,2024/1/11,1,60,0
M3,I9,2024/1/12,2,61,0
M3,I9,2024/1/13,3,62,0
M3,I9,2024/1/14,4,63,0
M3,I9,2024/1/15,5,64,0
M3,I9,2024/1/16,6,65,0
M3,I9,2024/1/17,7,66,0
M3,I9,2024/1/18,8,67,0
M3,I9,2024/1/19,9,68,0
M3,I9,2024/1/20,10,69,0
M3,I9,2024/1/21,11,70,0
M3,I9,2024/1/22,12,71,0
M3,I9,2024/1/23,13,72,0
M3,I9,2024/1/24,14,73,0
M3,I9,2024/1/25,15,74,0
M3,I9,2024/1/26,16,75,0
M3,I9,2024/1/27,17,76,0
M3,I9,2024/1/28,18,77,0
M3,I9,2024/1/29,19,78,0
M3,I9,2024/1/30,20,79,0
M3,I9,2024/1/31,21,80,0
M3,I9,2024/2/1,22,81,0
M3,I9,2024/2/2,23,82,0
M3,I9,2024/2/3,24,83,0
M3,I9,2024/2/4,25,84,0
M3,I9,2024/2/5,26,85,0
M3,I9,2024/2/6,27,86,0
M3,I9,2024/2/7,28,87,0
M3,I9,2024/2/8,29,88,2
M3,I9,2024/2/9,30,89,0
M4,I9,2024/2/10,1,90,0
M4,I9,2024/2/11,2,91,1
M4,I9,2024/2/12,3,92,0
M4,I9,2024/2/13,4,93,0
M4,I9,2024/2/14,5,94,15
M4,I9,2024/2/15,6,95,3
M4,I9,2024/2/16,7,96,1
M4,I9,2024/2/17,8,97,0
M4,I9,2024/2/18,9,98,0
M4,I9,2024/2/19,10,99,0
M4,I9,2024/2/20,11,100,0
M4,I9,2024/2/21,12,101,0
M4,I9,2024/2/22,13,102,0
M4,I9,2024/2/23,14,103,0
M4,I9,2024/2/24,15,104,0
M4,I9,2024/2/25,16,105,0
M4,I9,2024/2/26,17,106,0
M4,I9,2024/2/27,18,107,0
M4,I9,2024/2/28,19,108,0
M4,I9,2024/2/29,20,109,0
M4,I9,2024/3/1,21,110,0
M4,I9,2024/3/2,22,111,0
M4,I9,2024/3/3,23,112,0
M4,I9,2024/3/4,24,113,0
M4,I9,2024/3/5,25,114,0
M4,I9,2024/3/6,26,115,0
M4,I9,2024/3/7,27,116,0
M4,I9,2024/3/8,28,117,0
M4,I9,2024/3/9,29,118,0
M6,I9,2024/4/9,1,119,5
M6,I9,2024/4/10,2,120,6
M6,I9,2024/4/11,3,121,7
M6,I9,2024/4/12,4,122,11
M6,I9,2024/4/13,5,123,16
M6,I9,2024/4/14,6,124,300
M6,I9,2024/4/15,7,125,94
M6,I9,2024/4/16,8,126,19
M6,I9,2024/4/17,9,127,6
M6,I9,2024/4/18,10,128,0
M6,I9,2024/4/19,11,129,0
M6,I9,2024/4/20,12,130,0
M6,I9,2024/4/21,13,131,0
M6,I9,2024/4/22,14,132,0
M6,I9,2024/4/23,15,133,0
M6,I9,2024/4/24,16,134,0
M6,I9,2024/4/25,17,135,0
M6,I9,2024/4/26,18,136,0
M6,I9,2024/4/27,19,137,0
M6,I9,2024/4/28,20,138,0
M6,I9,2024/4/29,21,139,0
M6,I9,2024/4/30,22,140,0
M6,I9,2024/5/1,23,141,0
M6,I9,2024/5/2,24,142,0
M6,I9,2024/5/3,25,143,0
M6,I9,2024/5/4,26,144,0
M6,I9,2024/5/5,27,145,0
M6,I9,2024/5/6,28,146,0
M6,I9,2024/5/7,29,147,0
M1,O1,2023/11/13,1,1,5
M1,O1,2023/11/14,2,2,2
M1,O1,2023/11/15,3,3,10
M1,O1,2023/11/16,4,4,10
M1,O1,2023/11/17,5,5,6
M1,O1,2023/11/18,6,6,9
M1,O1,2023/11/19,7,7,9
M1,O1,2023/11/20,8,8,6
M1,O1,2023/11/21,9,9,0
M1,O1,2023/11/22,10,10,0
M1,O1,2023/11/23,11,11,1
M1,O1,2023/11/24,12,12,0
M1,O1,2023/11/25,13,13,0
M1,O1,2023/11/26,14,14,0
M1,O1,2023/11/27,15,15,0
M1,O1,2023/11/28,16,16,0
M1,O1,2023/11/29,17,17,0
M1,O1,2023/11/30,18,18,0
M1,O1,2023/12/1,19,19,0
M1,O1,2023/12/2,20,20,0
M1,O1,2023/12/3,21,21,0
M1,O1,2023/12/4,22,22,0
M1,O1,2023/12/5,23,23,0
M1,O1,2023/12/6,24,24,0
M1,O1,2023/12/7,25,25,0
M1,O1,2023/12/8,26,26,0
M1,O1,2023/12/9,27,27,0
M1,O1,2023/12/10,28,28,0
M1,O1,2023/12/11,29,29,0
M1,O1,2023/12/12,30,30,0
M2,O1,2023/12/13,1,31,3
M2,O1,2023/12/14,2,32,1
M2,O1,2023/12/15,3,33,0
M2,O1,2023/12/16,4,34,1
M2,O1,2023/12/17,5,35,1
M2,O1,2023/12/18,6,36,0
M2,O1,2023/12/19,7,37,0
M2,O1,2023/12/20,8,38,0
M2,O1,2023/12/21,9,39,0
M2,O1,2023/12/22,10,40,1
M2,O1,2023/12/23,11,41,0
M2,O1,2023/12/24,12,42,0
M2,O1,2023/12/25,13,43,1
M2,O1,2023/12/26,14,44,0
M2,O1,2023/12/27,15,45,0
M2,O1,2023/12/28,16,46,0
M2,O1,2023/12/29,17,47,0
M2,O1,2023/12/30,18,48,0
M2,O1,2023/12/31,19,49,0
M2,O1,2024/1/1,20,50,0
M2,O1,2024/1/2,21,51,0
M2,O1,2024/1/3,22,52,0
M2,O1,2024/1/4,23,53,0
M2,O1,2024/1/5,24,54,0
M2,O1,2024/1/6,25,55,0
M2,O1,2024/1/7,26,56,0
M2,O1,2024/1/8,27,57,51
M2,O1,2024/1/9,28,58,3
M2,O1,2024/1/10,29,59,44
M3,O1,2024/1/11,1,60,5
M3,O1,2024/1/12,2,61,4
M3,O1,2024/1/13,3,62,0
M3,O1,2024/1/14,4,63,4
M3,O1,2024/1/15,5,64,1
M3,O1,2024/1/16,6,65,6
M3,O1,2024/1/17,7,66,0
M3,O1,2024/1/18,8,67,0
M3,O1,2024/1/19,9,68,0
M3,O1,2024/1/20,10,69,0
M3,O1,2024/1/21,11,70,0
M3,O1,2024/1/22,12,71,0
M3,O1,2024/1/23,13,72,0
M3,O1,2024/1/24,14,73,0
M3,O1,2024/1/25,15,74,0
M3,O1,2024/1/26,16,75,0
M3,O1,2024/1/27,17,76,0
M3,O1,2024/1/28,18,77,0
M3,O1,2024/1/29,19,78,0
M3,O1,2024/1/30,20,79,0
M3,O1,2024/1/31,21,80,0
M3,O1,2024/2/1,22,81,0
M3,O1,2024/2/2,23,82,0
M3,O1,2024/2/3,24,83,0
M3,O1,2024/2/4,25,84,0
M3,O1,2024/2/5,26,85,1
M3,O1,2024/2/6,27,86,8
M3,O1,2024/2/7,28,87,3
M3,O1,2024/2/8,29,88,0
M3,O1,2024/2/9,30,89,0
M4,O1,2024/2/10,1,90,5
M4,O1,2024/2/11,2,91,2
M4,O1,2024/2/12,3,92,5
M4,O1,2024/2/13,4,93,1
M4,O1,2024/2/14,5,94,5
M4,O1,2024/2/15,6,95,59
M4,O1,2024/2/16,7,96,24
M4,O1,2024/2/17,8,97,1
M4,O1,2024/2/18,9,98,0
M4,O1,2024/2/19,10,99,0
M4,O1,2024/2/20,11,100,0
M4,O1,2024/2/21,12,101,0
M4,O1,2024/2/22,13,102,0
M4,O1,2024/2/23,14,103,0
M4,O1,2024/2/24,15,104,0
M4,O1,2024/2/25,16,105,0
M4,O1,2024/2/26,17,106,0
M4,O1,2024/2/27,18,107,0
M4,O1,2024/2/28,19,108,0
M4,O1,2024/2/29,20,109,0
M4,O1,2024/3/1,21,110,0
M4,O1,2024/3/2,22,111,0
M4,O1,2024/3/3,23,112,0
M4,O1,2024/3/4,24,113,0
M4,O1,2024/3/5,25,114,0
M4,O1,2024/3/6,26,115,0
M4,O1,2024/3/7,27,116,0
M4,O1,2024/3/8,28,117,0
M4,O1,2024/3/9,29,118,0
M6,O1,2024/4/9,1,119,31
M6,O1,2024/4/10,2,120,9
M6,O1,2024/4/11,3,121,16
M6,O1,2024/4/12,4,122,6
M6,O1,2024/4/13,5,123,1
M6,O1,2024/4/14,6,124,0
M6,O1,2024/4/15,7,125,0
M6,O1,2024/4/16,8,126,0
M6,O1,2024/4/17,9,127,0
M6,O1,2024/4/18,10,128,0
M6,O1,2024/4/19,11,129,0
M6,O1,2024/4/20,12,130,0
M6,O1,2024/4/21,13,131,0
M6,O1,2024/4/22,14,132,0
M6,O1,2024/4/23,15,133,0
M6,O1,2024/4/24,16,134,0
M6,O1,2024/4/25,17,135,0
M6,O1,2024/4/26,18,136,0
M6,O1,2024/4/27,19,137,0
M6,O1,2024/4/28,20,138,0
M6,O1,2024/4/29,21,139,0
M6,O1,2024/4/30,22,140,0
M6,O1,2024/5/1,23,141,0
M6,O1,2024/5/2,24,142,0
M6,O1,2024/5/3,25,143,0
M6,O1,2024/5/4,26,144,0
M6,O1,2024/5/5,27,145,0
M6,O1,2024/5/6,28,146,0
M6,O1,2024/5/7,29,147,0
M1,O2,2023/11/13,1,1,3
M1,O2,2023/11/14,2,2,4
M1,O2,2023/11/15,3,3,1
M1,O2,2023/11/16,4,4,2
M1,O2,2023/11/17,5,5,1
M1,O2,2023/11/18,6,6,2
M1,O2,2023/11/19,7,7,4
M1,O2,2023/11/20,8,8,1
M1,O2,2023/11/21,9,9,2
M1,O2,2023/11/22,10,10,0
M1,O2,2023/11/23,11,11,0
M1,O2,2023/11/24,12,12,0
M1,O2,2023/11/25,13,13,0
M1,O2,2023/11/26,14,14,0
M1,O2,2023/11/27,15,15,0
M1,O2,2023/11/28,16,16,0
M1,O2,2023/11/29,17,17,0
M1,O2,2023/11/30,18,18,0
M1,O2,2023/12/1,19,19,0
M1,O2,2023/12/2,20,20,0
M1,O2,2023/12/3,21,21,0
M1,O2,2023/12/4,22,22,0
M1,O2,2023/12/5,23,23,0
M1,O2,2023/12/6,24,24,0
M1,O2,2023/12/7,25,25,0
M1,O2,2023/12/8,26,26,0
M1,O2,2023/12/9,27,27,0
M1,O2,2023/12/10,28,28,0
M1,O2,2023/12/11,29,29,0
M1,O2,2023/12/12,30,30,0
M2,O2,2023/12/13,1,31,2
M2,O2,2023/12/14,2,32,0
M2,O2,2023/12/15,3,33,3
M2,O2,2023/12/16,4,34,2
M2,O2,2023/12/17,5,35,1
M2,O2,2023/12/18,6,36,3
M2,O2,2023/12/19,7,37,0
M2,O2,2023/12/20,8,38,1
M2,O2,2023/12/21,9,39,1
M2,O2,2023/12/22,10,40,0
M2,O2,2023/12/23,11,41,0
M2,O2,2023/12/24,12,42,0
M2,O2,2023/12/25,13,43,0
M2,O2,2023/12/26,14,44,0
M2,O2,2023/12/27,15,45,0
M2,O2,2023/12/28,16,46,0
M2,O2,2023/12/29,17,47,0
M2,O2,2023/12/30,18,48,0
M2,O2,2023/12/31,19,49,0
M2,O2,2024/1/1,20,50,0
M2,O2,2024/1/2,21,51,0
M2,O2,2024/1/3,22,52,0
M2,O2,2024/1/4,23,53,0
M2,O2,2024/1/5,24,54,0
M2,O2,2024/1/6,25,55,0
M2,O2,2024/1/7,26,56,0
M2,O2,2024/1/8,27,57,0
M2,O2,2024/1/9,28,58,11
M2,O2,2024/1/10,29,59,119
M3,O2,2024/1/11,1,60,4
M3,O2,2024/1/12,2,61,1
M3,O2,2024/1/13,3,62,2
M3,O2,2024/1/14,4,63,3
M3,O2,2024/1/15,5,64,7
M3,O2,2024/1/16,6,65,10
M3,O2,2024/1/17,7,66,0
M3,O2,2024/1/18,8,67,6
M3,O2,2024/1/19,9,68,0
M3,O2,2024/1/20,10,69,0
M3,O2,2024/1/21,11,70,0
M3,O2,2024/1/22,12,71,0
M3,O2,2024/1/23,13,72,0
M3,O2,2024/1/24,14,73,0
M3,O2,2024/1/25,15,74,0
M3,O2,2024/1/26,16,75,0
M3,O2,2024/1/27,17,76,0
M3,O2,2024/1/28,18,77,0
M3,O2,2024/1/29,19,78,0
M3,O2,2024/1/30,20,79,0
M3,O2,2024/1/31,21,80,0
M3,O2,2024/2/1,22,81,0
M3,O2,2024/2/2,23,82,0
M3,O2,2024/2/3,24,83,0
M3,O2,2024/2/4,25,84,0
M3,O2,2024/2/5,26,85,1
M3,O2,2024/2/6,27,86,0
M3,O2,2024/2/7,28,87,0
M3,O2,2024/2/8,29,88,0
M3,O2,2024/2/9,30,89,0
M4,O2,2024/2/10,1,90,0
M4,O2,2024/2/11,2,91,1
M4,O2,2024/2/12,3,92,0
M4,O2,2024/2/13,4,93,0
M4,O2,2024/2/14,5,94,2
M4,O2,2024/2/15,6,95,0
M4,O2,2024/2/16,7,96,1
M4,O2,2024/2/17,8,97,0
M4,O2,2024/2/18,9,98,0
M4,O2,2024/2/19,10,99,0
M4,O2,2024/2/20,11,100,0
M4,O2,2024/2/21,12,101,0
M4,O2,2024/2/22,13,102,0
M4,O2,2024/2/23,14,103,0
M4,O2,2024/2/24,15,104,0
M4,O2,2024/2/25,16,105,0
M4,O2,2024/2/26,17,106,0
M4,O2,2024/2/27,18,107,0
M4,O2,2024/2/28,19,108,0
M4,O2,2024/2/29,20,109,0
M4,O2,2024/3/1,21,110,0
M4,O2,2024/3/2,22,111,0
M4,O2,2024/3/3,23,112,0
M4,O2,2024/3/4,24,113,0
M4,O2,2024/3/5,25,114,0
M4,O2,2024/3/6,26,115,0
M4,O2,2024/3/7,27,116,0
M4,O2,2024/3/8,28,117,0
M4,O2,2024/3/9,29,118,0
M6,O2,2024/4/9,1,119,1
M6,O2,2024/4/10,2,120,1
M6,O2,2024/4/11,3,121,0
M6,O2,2024/4/12,4,122,10
M6,O2,2024/4/13,5,123,10
M6,O2,2024/4/14,6,124,0
M6,O2,2024/4/15,7,125,0
M6,O2,2024/4/16,8,126,0
M6,O2,2024/4/17,9,127,0
M6,O2,2024/4/18,10,128,0
M6,O2,2024/4/19,11,129,0
M6,O2,2024/4/20,12,130,0
M6,O2,2024/4/21,13,131,0
M6,O2,2024/4/22,14,132,0
M6,O2,2024/4/23,15,133,0
M6,O2,2024/4/24,16,134,0
M6,O2,2024/4/25,17,135,0
M6,O2,2024/4/26,18,136,0
M6,O2,2024/4/27,19,137,0
M6,O2,2024/4/28,20,138,0
M6,O2,2024/4/29,21,139,0
M6,O2,2024/4/30,22,140,0
M6,O2,2024/5/1,23,141,0
M6,O2,2024/5/2,24,142,0
M6,O2,2024/5/3,25,143,0
M6,O2,2024/5/4,26,144,0
M6,O2,2024/5/5,27,145,0
M6,O2,2024/5/6,28,146,0
M6,O2,2024/5/7,29,147,0
M1,O3,2023/11/13,1,1,0
M1,O3,2023/11/14,2,2,7
M1,O3,2023/11/15,3,3,3
M1,O3,2023/11/16,4,4,2
M1,O3,2023/11/17,5,5,1
M1,O3,2023/11/18,6,6,3
M1,O3,2023/11/19,7,7,1
M1,O3,2023/11/20,8,8,12
M1,O3,2023/11/21,9,9,0
M1,O3,2023/11/22,10,10,0
M1,O3,2023/11/23,11,11,1
M1,O3,2023/11/24,12,12,0
M1,O3,2023/11/25,13,13,0
M1,O3,2023/11/26,14,14,0
M1,O3,2023/11/27,15,15,0
M1,O3,2023/11/28,16,16,0
M1,O3,2023/11/29,17,17,0
M1,O3,2023/11/30,18,18,0
M1,O3,2023/12/1,19,19,0
M1,O3,2023/12/2,20,20,0
M1,O3,2023/12/3,21,21,0
M1,O3,2023/12/4,22,22,0
M1,O3,2023/12/5,23,23,0
M1,O3,2023/12/6,24,24,0
M1,O3,2023/12/7,25,25,0
M1,O3,2023/12/8,26,26,0
M1,O3,2023/12/9,27,27,0
M1,O3,2023/12/10,28,28,0
M1,O3,2023/12/11,29,29,0
M1,O3,2023/12/12,30,30,0
M2,O3,2023/12/13,1,31,8
M2,O3,2023/12/14,2,32,1
M2,O3,2023/12/15,3,33,0
M2,O3,2023/12/16,4,34,2
M2,O3,2023/12/17,5,35,6
M2,O3,2023/12/18,6,36,0
M2,O3,2023/12/19,7,37,1
M2,O3,2023/12/20,8,38,0
M2,O3,2023/12/21,9,39,0
M2,O3,2023/12/22,10,40,0
M2,O3,2023/12/23,11,41,0
M2,O3,2023/12/24,12,42,0
M2,O3,2023/12/25,13,43,0
M2,O3,2023/12/26,14,44,0
M2,O3,2023/12/27,15,45,0
M2,O3,2023/12/28,16,46,0
M2,O3,2023/12/29,17,47,0
M2,O3,2023/12/30,18,48,0
M2,O3,2023/12/31,19,49,0
M2,O3,2024/1/1,20,50,0
M2,O3,2024/1/2,21,51,0
M2,O3,2024/1/3,22,52,0
M2,O3,2024/1/4,23,53,0
M2,O3,2024/1/5,24,54,0
M2,O3,2024/1/6,25,55,0
M2,O3,2024/1/7,26,56,0
M2,O3,2024/1/8,27,57,9
M2,O3,2024/1/9,28,58,11
M2,O3,2024/1/10,29,59,61
M3,O3,2024/1/11,1,60,11
M3,O3,2024/1/12,2,61,11
M3,O3,2024/1/13,3,62,0
M3,O3,2024/1/14,4,63,14
M3,O3,2024/1/15,5,64,33
M3,O3,2024/1/16,6,65,43
M3,O3,2024/1/17,7,66,0
M3,O3,2024/1/18,8,67,3
M3,O3,2024/1/19,9,68,0
M3,O3,2024/1/20,10,69,0
M3,O3,2024/1/21,11,70,0
M3,O3,2024/1/22,12,71,0
M3,O3,2024/1/23,13,72,0
M3,O3,2024/1/24,14,73,0
M3,O3,2024/1/25,15,74,0
M3,O3,2024/1/26,16,75,0
M3,O3,2024/1/27,17,76,0
M3,O3,2024/1/28,18,77,0
M3,O3,2024/1/29,19,78,0
M3,O3,2024/1/30,20,79,0
M3,O3,2024/1/31,21,80,0
M3,O3,2024/2/1,22,81,0
M3,O3,2024/2/2,23,82,0
M3,O3,2024/2/3,24,83,0
M3,O3,2024/2/4,25,84,0
M3,O3,2024/2/5,26,85,0
M3,O3,2024/2/6,27,86,7
M3,O3,2024/2/7,28,87,0
M3,O3,2024/2/8,29,88,4
M3,O3,2024/2/9,30,89,0
M4,O3,2024/2/10,1,90,0
M4,O3,2024/2/11,2,91,0
M4,O3,2024/2/12,3,92,0
M4,O3,2024/2/13,4,93,0
M4,O3,2024/2/14,5,94,0
M4,O3,2024/2/15,6,95,2
M4,O3,2024/2/16,7,96,1
M4,O3,2024/2/17,8,97,12
M4,O3,2024/2/18,9,98,0
M4,O3,2024/2/19,10,99,0
M4,O3,2024/2/20,11,100,0
M4,O3,2024/2/21,12,101,0
M4,O3,2024/2/22,13,102,0
M4,O3,2024/2/23,14,103,0
M4,O3,2024/2/24,15,104,0
M4,O3,2024/2/25,16,105,0
M4,O3,2024/2/26,17,106,0
M4,O3,2024/2/27,18,107,0
M4,O3,2024/2/28,19,108,0
M4,O3,2024/2/29,20,109,0
M4,O3,2024/3/1,21,110,0
M4,O3,2024/3/2,22,111,0
M4,O3,2024/3/3,23,112,0
M4,O3,2024/3/4,24,113,0
M4,O3,2024/3/5,25,114,0
M4,O3,2024/3/6,26,115,0
M4,O3,2024/3/7,27,116,0
M4,O3,2024/3/8,28,117,0
M4,O3,2024/3/9,29,118,0
M6,O3,2024/4/9,1,119,1
M6,O3,2024/4/10,2,120,4
M6,O3,2024/4/11,3,121,3
M6,O3,2024/4/12,4,122,0
M6,O3,2024/4/13,5,123,0
M6,O3,2024/4/14,6,124,0
M6,O3,2024/4/15,7,125,0
M6,O3,2024/4/16,8,126,0
M6,O3,2024/4/17,9,127,0
M6,O3,2024/4/18,10,128,0
M6,O3,2024/4/19,11,129,0
M6,O3,2024/4/20,12,130,0
M6,O3,2024/4/21,13,131,0
M6,O3,2024/4/22,14,132,0
M6,O3,2024/4/23,15,133,0
M6,O3,2024/4/24,16,134,0
M6,O3,2024/4/25,17,135,0
M6,O3,2024/4/26,18,136,0
M6,O3,2024/4/27,19,137,0
M6,O3,2024/4/28,20,138,0
M6,O3,2024/4/29,21,139,0
M6,O3,2024/4/30,22,140,0
M6,O3,2024/5/1,23,141,0
M6,O3,2024/5/2,24,142,0
M6,O3,2024/5/3,25,143,0
M6,O3,2024/5/4,26,144,0
M6,O3,2024/5/5,27,145,0
M6,O3,2024/5/6,28,146,0
M6,O3,2024/5/7,29,147,0
M1,O4,2023/11/13,1,1,41
M1,O4,2023/11/14,2,2,22
M1,O4,2023/11/15,3,3,19
M1,O4,2023/11/16,4,4,10
M1,O4,2023/11/17,5,5,22
M1,O4,2023/11/18,6,6,17
M1,O4,2023/11/19,7,7,1
M1,O4,2023/11/20,8,8,3
M1,O4,2023/11/21,9,9,0
M1,O4,2023/11/22,10,10,1
M1,O4,2023/11/23,11,11,1
M1,O4,2023/11/24,12,12,0
M1,O4,2023/11/25,13,13,0
M1,O4,2023/11/26,14,14,0
M1,O4,2023/11/27,15,15,0
M1,O4,2023/11/28,16,16,0
M1,O4,2023/11/29,17,17,0
M1,O4,2023/11/30,18,18,0
M1,O4,2023/12/1,19,19,0
M1,O4,2023/12/2,20,20,0
M1,O4,2023/12/3,21,21,0
M1,O4,2023/12/4,22,22,0
M1,O4,2023/12/5,23,23,0
M1,O4,2023/12/6,24,24,0
M1,O4,2023/12/7,25,25,0
M1,O4,2023/12/8,26,26,0
M1,O4,2023/12/9,27,27,0
M1,O4,2023/12/10,28,28,0
M1,O4,2023/12/11,29,29,0
M1,O4,2023/12/12,30,30,12
M2,O4,2023/12/13,1,31,1
M2,O4,2023/12/14,2,32,2
M2,O4,2023/12/15,3,33,7
M2,O4,2023/12/16,4,34,0
M2,O4,2023/12/17,5,35,69
M2,O4,2023/12/18,6,36,26
M2,O4,2023/12/19,7,37,48
M2,O4,2023/12/20,8,38,16
M2,O4,2023/12/21,9,39,8
M2,O4,2023/12/22,10,40,0
M2,O4,2023/12/23,11,41,0
M2,O4,2023/12/24,12,42,0
M2,O4,2023/12/25,13,43,0
M2,O4,2023/12/26,14,44,0
M2,O4,2023/12/27,15,45,0
M2,O4,2023/12/28,16,46,0
M2,O4,2023/12/29,17,47,0
M2,O4,2023/12/30,18,48,0
M2,O4,2023/12/31,19,49,0
M2,O4,2024/1/1,20,50,0
M2,O4,2024/1/2,21,51,0
M2,O4,2024/1/3,22,52,0
M2,O4,2024/1/4,23,53,0
M2,O4,2024/1/5,24,54,0
M2,O4,2024/1/6,25,55,0
M2,O4,2024/1/7,26,56,0
M2,O4,2024/1/8,27,57,1
M2,O4,2024/1/9,28,58,5
M2,O4,2024/1/10,29,59,5
M3,O4,2024/1/11,1,60,7
M3,O4,2024/1/12,2,61,12
M3,O4,2024/1/13,3,62,24
M3,O4,2024/1/14,4,63,6
M3,O4,2024/1/15,5,64,0
M3,O4,2024/1/16,6,65,5
M3,O4,2024/1/17,7,66,0
M3,O4,2024/1/18,8,67,0
M3,O4,2024/1/19,9,68,1
M3,O4,2024/1/20,10,69,0
M3,O4,2024/1/21,11,70,0
M3,O4,2024/1/22,12,71,0
M3,O4,2024/1/23,13,72,0
M3,O4,2024/1/24,14,73,0
M3,O4,2024/1/25,15,74,0
M3,O4,2024/1/26,16,75,0
M3,O4,2024/1/27,17,76,0
M3,O4,2024/1/28,18,77,0
M3,O4,2024/1/29,19,78,0
M3,O4,2024/1/30,20,79,0
M3,O4,2024/1/31,21,80,0
M3,O4,2024/2/1,22,81,0
M3,O4,2024/2/2,23,82,0
M3,O4,2024/2/3,24,83,0
M3,O4,2024/2/4,25,84,0
M3,O4,2024/2/5,26,85,0
M3,O4,2024/2/6,27,86,0
M3,O4,2024/2/7,28,87,0
M3,O4,2024/2/8,29,88,0
M3,O4,2024/2/9,30,89,1
M4,O4,2024/2/10,1,90,0
M4,O4,2024/2/11,2,91,0
M4,O4,2024/2/12,3,92,0
M4,O4,2024/2/13,4,93,0
M4,O4,2024/2/14,5,94,2
M4,O4,2024/2/15,6,95,6
M4,O4,2024/2/16,7,96,1
M4,O4,2024/2/17,8,97,0
M4,O4,2024/2/18,9,98,0
M4,O4,2024/2/19,10,99,0
M4,O4,2024/2/20,11,100,0
M4,O4,2024/2/21,12,101,0
M4,O4,2024/2/22,13,102,0
M4,O4,2024/2/23,14,103,0
M4,O4,2024/2/24,15,104,0
M4,O4,2024/2/25,16,105,0
M4,O4,2024/2/26,17,106,0
M4,O4,2024/2/27,18,107,0
M4,O4,2024/2/28,19,108,0
M4,O4,2024/2/29,20,109,0
M4,O4,2024/3/1,21,110,0
M4,O4,2024/3/2,22,111,0
M4,O4,2024/3/3,23,112,0
M4,O4,2024/3/4,24,113,0
M4,O4,2024/3/5,25,114,0
M4,O4,2024/3/6,26,115,0
M4,O4,2024/3/7,27,116,0
M4,O4,2024/3/8,28,117,0
M4,O4,2024/3/9,29,118,0
M6,O4,2024/4/9,1,119,14
M6,O4,2024/4/10,2,120,5
M6,O4,2024/4/11,3,121,12
M6,O4,2024/4/12,4,122,8
M6,O4,2024/4/13,5,123,7
M6,O4,2024/4/14,6,124,28
M6,O4,2024/4/15,7,125,0
M6,O4,2024/4/16,8,126,2
M6,O4,2024/4/17,9,127,0
M6,O4,2024/4/18,10,128,0
M6,O4,2024/4/19,11,129,0
M6,O4,2024/4/20,12,130,0
M6,O4,2024/4/21,13,131,0
M6,O4,2024/4/22,14,132,0
M6,O4,2024/4/23,15,133,0
M6,O4,2024/4/24,16,134,0
M6,O4,2024/4/25,17,135,0
M6,O4,2024/4/26,18,136,0
M6,O4,2024/4/27,19,137,0
M6,O4,2024/4/28,20,138,0
M6,O4,2024/4/29,21,139,0
M6,O4,2024/4/30,22,140,0
M6,O4,2024/5/1,23,141,0
M6,O4,2024/5/2,24,142,0
M6,O4,2024/5/3,25,143,0
M6,O4,2024/5/4,26,144,0
M6,O4,2024/5/5,27,145,0
M6,O4,2024/5/6,28,146,0
M6,O4,2024/5/7,29,147,0
M1,O5,2023/11/13,1,1,16
M1,O5,2023/11/14,2,2,16
M1,O5,2023/11/15,3,3,19
M1,O5,2023/11/16,4,4,14
M1,O5,2023/11/17,5,5,16
M1,O5,2023/11/18,6,6,16
M1,O5,2023/11/19,7,7,12
M1,O5,2023/11/20,8,8,2
M1,O5,2023/11/21,9,9,2
M1,O5,2023/11/22,10,10,4
M1,O5,2023/11/23,11,11,1
M1,O5,2023/11/24,12,12,0
M1,O5,2023/11/25,13,13,0
M1,O5,2023/11/26,14,14,0
M1,O5,2023/11/27,15,15,0
M1,O5,2023/11/28,16,16,0
M1,O5,2023/11/29,17,17,0
M1,O5,2023/11/30,18,18,0
M1,O5,2023/12/1,19,19,0
M1,O5,2023/12/2,20,20,0
M1,O5,2023/12/3,21,21,0
M1,O5,2023/12/4,22,22,0
M1,O5,2023/12/5,23,23,0
M1,O5,2023/12/6,24,24,0
M1,O5,2023/12/7,25,25,0
M1,O5,2023/12/8,26,26,0
M1,O5,2023/12/9,27,27,0
M1,O5,2023/12/10,28,28,0
M1,O5,2023/12/11,29,29,0
M1,O5,2023/12/12,30,30,12
M2,O5,2023/12/13,1,31,4
M2,O5,2023/12/14,2,32,3
M2,O5,2023/12/15,3,33,4
M2,O5,2023/12/16,4,34,0
M2,O5,2023/12/17,5,35,11
M2,O5,2023/12/18,6,36,24
M2,O5,2023/12/19,7,37,19
M2,O5,2023/12/20,8,38,11
M2,O5,2023/12/21,9,39,1
M2,O5,2023/12/22,10,40,0
M2,O5,2023/12/23,11,41,0
M2,O5,2023/12/24,12,42,0
M2,O5,2023/12/25,13,43,1
M2,O5,2023/12/26,14,44,0
M2,O5,2023/12/27,15,45,0
M2,O5,2023/12/28,16,46,0
M2,O5,2023/12/29,17,47,0
M2,O5,2023/12/30,18,48,0
M2,O5,2023/12/31,19,49,0
M2,O5,2024/1/1,20,50,0
M2,O5,2024/1/2,21,51,0
M2,O5,2024/1/3,22,52,0
M2,O5,2024/1/4,23,53,0
M2,O5,2024/1/5,24,54,0
M2,O5,2024/1/6,25,55,0
M2,O5,2024/1/7,26,56,0
M2,O5,2024/1/8,27,57,0
M2,O5,2024/1/9,28,58,0
M2,O5,2024/1/10,29,59,9
M3,O5,2024/1/11,1,60,20
M3,O5,2024/1/12,2,61,5
M3,O5,2024/1/13,3,62,18
M3,O5,2024/1/14,4,63,8
M3,O5,2024/1/15,5,64,14
M3,O5,2024/1/16,6,65,24
M3,O5,2024/1/17,7,66,0
M3,O5,2024/1/18,8,67,0
M3,O5,2024/1/19,9,68,0
M3,O5,2024/1/20,10,69,0
M3,O5,2024/1/21,11,70,0
M3,O5,2024/1/22,12,71,0
M3,O5,2024/1/23,13,72,0
M3,O5,2024/1/24,14,73,0
M3,O5,2024/1/25,15,74,0
M3,O5,2024/1/26,16,75,0
M3,O5,2024/1/27,17,76,0
M3,O5,2024/1/28,18,77,0
M3,O5,2024/1/29,19,78,0
M3,O5,2024/1/30,20,79,0
M3,O5,2024/1/31,21,80,0
M3,O5,2024/2/1,22,81,0
M3,O5,2024/2/2,23,82,0
M3,O5,2024/2/3,24,83,0
M3,O5,2024/2/4,25,84,0
M3,O5,2024/2/5,26,85,2
M3,O5,2024/2/6,27,86,0
M3,O5,2024/2/7,28,87,0
M3,O5,2024/2/8,29,88,1
M3,O5,2024/2/9,30,89,0
M4,O5,2024/2/10,1,90,1
M4,O5,2024/2/11,2,91,0
M4,O5,2024/2/12,3,92,0
M4,O5,2024/2/13,4,93,0
M4,O5,2024/2/14,5,94,0
M4,O5,2024/2/15,6,95,1
M4,O5,2024/2/16,7,96,0
M4,O5,2024/2/17,8,97,45
M4,O5,2024/2/18,9,98,0
M4,O5,2024/2/19,10,99,0
M4,O5,2024/2/20,11,100,0
M4,O5,2024/2/21,12,101,0
M4,O5,2024/2/22,13,102,0
M4,O5,2024/2/23,14,103,0
M4,O5,2024/2/24,15,104,0
M4,O5,2024/2/25,16,105,0
M4,O5,2024/2/26,17,106,0
M4,O5,2024/2/27,18,107,0
M4,O5,2024/2/28,19,108,0
M4,O5,2024/2/29,20,109,0
M4,O5,2024/3/1,21,110,0
M4,O5,2024/3/2,22,111,0
M4,O5,2024/3/3,23,112,0
M4,O5,2024/3/4,24,113,0
M4,O5,2024/3/5,25,114,0
M4,O5,2024/3/6,26,115,0
M4,O5,2024/3/7,27,116,0
M4,O5,2024/3/8,28,117,0
M4,O5,2024/3/9,29,118,0
M6,O5,2024/4/9,1,119,3
M6,O5,2024/4/10,2,120,1
M6,O5,2024/4/11,3,121,2
M6,O5,2024/4/12,4,122,22
M6,O5,2024/4/13,5,123,16
M6,O5,2024/4/14,6,124,21
M6,O5,2024/4/15,7,125,9
M6,O5,2024/4/16,8,126,9
M6,O5,2024/4/17,9,127,8
M6,O5,2024/4/18,10,128,7
M6,O5,2024/4/19,11,129,0
M6,O5,2024/4/20,12,130,0
M6,O5,2024/4/21,13,131,0
M6,O5,2024/4/22,14,132,0
M6,O5,2024/4/23,15,133,0
M6,O5,2024/4/24,16,134,0
M6,O5,2024/4/25,17,135,0
M6,O5,2024/4/26,18,136,0
M6,O5,2024/4/27,19,137,0
M6,O5,2024/4/28,20,138,0
M6,O5,2024/4/29,21,139,0
M6,O5,2024/4/30,22,140,0
M6,O5,2024/5/1,23,141,0
M6,O5,2024/5/2,24,142,0
M6,O5,2024/5/3,25,143,0
M6,O5,2024/5/4,26,144,0
M6,O5,2024/5/5,27,145,0
M6,O5,2024/5/6,28,146,0
M6,O5,2024/5/7,29,147,0
M1,O6,2023/11/13,1,1,1
M1,O6,2023/11/14,2,2,13
M1,O6,2023/11/15,3,3,25
M1,O6,2023/11/16,4,4,5
M1,O6,2023/11/17,5,5,19
M1,O6,2023/11/18,6,6,19
M1,O6,2023/11/19,7,7,4
M1,O6,2023/11/20,8,8,11
M1,O6,2023/11/21,9,9,2
M1,O6,2023/11/22,10,10,9
M1,O6,2023/11/23,11,11,1
M1,O6,2023/11/24,12,12,0
M1,O6,2023/11/25,13,13,0
M1,O6,2023/11/26,14,14,0
M1,O6,2023/11/27,15,15,0
M1,O6,2023/11/28,16,16,0
M1,O6,2023/11/29,17,17,0
M1,O6,2023/11/30,18,18,0
M1,O6,2023/12/1,19,19,0
M1,O6,2023/12/2,20,20,0
M1,O6,2023/12/3,21,21,0
M1,O6,2023/12/4,22,22,0
M1,O6,2023/12/5,23,23,0
M1,O6,2023/12/6,24,24,0
M1,O6,2023/12/7,25,25,0
M1,O6,2023/12/8,26,26,0
M1,O6,2023/12/9,27,27,0
M1,O6,2023/12/10,28,28,0
M1,O6,2023/12/11,29,29,0
M1,O6,2023/12/12,30,30,3
M2,O6,2023/12/13,1,31,1
M2,O6,2023/12/14,2,32,0
M2,O6,2023/12/15,3,33,2
M2,O6,2023/12/16,4,34,0
M2,O6,2023/12/17,5,35,14
M2,O6,2023/12/18,6,36,0
M2,O6,2023/12/19,7,37,0
M2,O6,2023/12/20,8,38,0
M2,O6,2023/12/21,9,39,0
M2,O6,2023/12/22,10,40,0
M2,O6,2023/12/23,11,41,0
M2,O6,2023/12/24,12,42,0
M2,O6,2023/12/25,13,43,0
M2,O6,2023/12/26,14,44,0
M2,O6,2023/12/27,15,45,0
M2,O6,2023/12/28,16,46,0
M2,O6,2023/12/29,17,47,0
M2,O6,2023/12/30,18,48,0
M2,O6,2023/12/31,19,49,0
M2,O6,2024/1/1,20,50,0
M2,O6,2024/1/2,21,51,0
M2,O6,2024/1/3,22,52,0
M2,O6,2024/1/4,23,53,0
M2,O6,2024/1/5,24,54,0
M2,O6,2024/1/6,25,55,0
M2,O6,2024/1/7,26,56,0
M2,O6,2024/1/8,27,57,0
M2,O6,2024/1/9,28,58,1
M2,O6,2024/1/10,29,59,7
M3,O6,2024/1/11,1,60,104
M3,O6,2024/1/12,2,61,5
M3,O6,2024/1/13,3,62,0
M3,O6,2024/1/14,4,63,12
M3,O6,2024/1/15,5,64,7
M3,O6,2024/1/16,6,65,21
M3,O6,2024/1/17,7,66,0
M3,O6,2024/1/18,8,67,0
M3,O6,2024/1/19,9,68,0
M3,O6,2024/1/20,10,69,0
M3,O6,2024/1/21,11,70,0
M3,O6,2024/1/22,12,71,0
M3,O6,2024/1/23,13,72,0
M3,O6,2024/1/24,14,73,0
M3,O6,2024/1/25,15,74,0
M3,O6,2024/1/26,16,75,0
M3,O6,2024/1/27,17,76,0
M3,O6,2024/1/28,18,77,0
M3,O6,2024/1/29,19,78,0
M3,O6,2024/1/30,20,79,0
M3,O6,2024/1/31,21,80,0
M3,O6,2024/2/1,22,81,0
M3,O6,2024/2/2,23,82,0
M3,O6,2024/2/3,24,83,0
M3,O6,2024/2/4,25,84,0
M3,O6,2024/2/5,26,85,0
M3,O6,2024/2/6,27,86,0
M3,O6,2024/2/7,28,87,0
M3,O6,2024/2/8,29,88,0
M3,O6,2024/2/9,30,89,0
M4,O6,2024/2/10,1,90,1
M4,O6,2024/2/11,2,91,0
M4,O6,2024/2/12,3,92,0
M4,O6,2024/2/13,4,93,0
M4,O6,2024/2/14,5,94,2
M4,O6,2024/2/15,6,95,3
M4,O6,2024/2/16,7,96,1
M4,O6,2024/2/17,8,97,8
M4,O6,2024/2/18,9,98,0
M4,O6,2024/2/19,10,99,0
M4,O6,2024/2/20,11,100,0
M4,O6,2024/2/21,12,101,0
M4,O6,2024/2/22,13,102,0
M4,O6,2024/2/23,14,103,0
M4,O6,2024/2/24,15,104,0
M4,O6,2024/2/25,16,105,0
M4,O6,2024/2/26,17,106,0
M4,O6,2024/2/27,18,107,0
M4,O6,2024/2/28,19,108,0
M4,O6,2024/2/29,20,109,0
M4,O6,2024/3/1,21,110,0
M4,O6,2024/3/2,22,111,0
M4,O6,2024/3/3,23,112,0
M4,O6,2024/3/4,24,113,0
M4,O6,2024/3/5,25,114,0
M4,O6,2024/3/6,26,115,0
M4,O6,2024/3/7,27,116,0
M4,O6,2024/3/8,28,117,0
M4,O6,2024/3/9,29,118,0
M6,O6,2024/4/9,1,119,0
M6,O6,2024/4/10,2,120,0
M6,O6,2024/4/11,3,121,2
M6,O6,2024/4/12,4,122,0
M6,O6,2024/4/13,5,123,2
M6,O6,2024/4/14,6,124,2
M6,O6,2024/4/15,7,125,18
M6,O6,2024/4/16,8,126,0
M6,O6,2024/4/17,9,127,4
M6,O6,2024/4/18,10,128,0
M6,O6,2024/4/19,11,129,0
M6,O6,2024/4/20,12,130,0
M6,O6,2024/4/21,13,131,0
M6,O6,2024/4/22,14,132,0
M6,O6,2024/4/23,15,133,0
M6,O6,2024/4/24,16,134,0
M6,O6,2024/4/25,17,135,0
M6,O6,2024/4/26,18,136,0
M6,O6,2024/4/27,19,137,0
M6,O6,2024/4/28,20,138,0
M6,O6,2024/4/29,21,139,0
M6,O6,2024/4/30,22,140,0
M6,O6,2024/5/1,23,141,0
M6,O6,2024/5/2,24,142,0
M6,O6,2024/5/3,25,143,0
M6,O6,2024/5/4,26,144,0
M6,O6,2024/5/5,27,145,0
M6,O6,2024/5/6,28,146,0
M6,O6,2024/5/7,29,147,0
M1,O7,2023/11/13,1,1,0
M1,O7,2023/11/14,2,2,13
M1,O7,2023/11/15,3,3,2
M1,O7,2023/11/16,4,4,13
M1,O7,2023/11/17,5,5,6
M1,O7,2023/11/18,6,6,1
M1,O7,2023/11/19,7,7,0
M1,O7,2023/11/20,8,8,0
M1,O7,2023/11/21,9,9,0
M1,O7,2023/11/22,10,10,0
M1,O7,2023/11/23,11,11,0
M1,O7,2023/11/24,12,12,0
M1,O7,2023/11/25,13,13,0
M1,O7,2023/11/26,14,14,0
M1,O7,2023/11/27,15,15,0
M1,O7,2023/11/28,16,16,0
M1,O7,2023/11/29,17,17,0
M1,O7,2023/11/30,18,18,0
M1,O7,2023/12/1,19,19,0
M1,O7,2023/12/2,20,20,0
M1,O7,2023/12/3,21,21,0
M1,O7,2023/12/4,22,22,0
M1,O7,2023/12/5,23,23,0
M1,O7,2023/12/6,24,24,0
M1,O7,2023/12/7,25,25,0
M1,O7,2023/12/8,26,26,0
M1,O7,2023/12/9,27,27,0
M1,O7,2023/12/10,28,28,0
M1,O7,2023/12/11,29,29,0
M1,O7,2023/12/12,30,30,0
M2,O7,2023/12/13,1,31,0
M2,O7,2023/12/14,2,32,0
M2,O7,2023/12/15,3,33,0
M2,O7,2023/12/16,4,34,0
M2,O7,2023/12/17,5,35,0
M2,O7,2023/12/18,6,36,0
M2,O7,2023/12/19,7,37,0
M2,O7,2023/12/20,8,38,0
M2,O7,2023/12/21,9,39,0
M2,O7,2023/12/22,10,40,0
M2,O7,2023/12/23,11,41,0
M2,O7,2023/12/24,12,42,0
M2,O7,2023/12/25,13,43,0
M2,O7,2023/12/26,14,44,0
M2,O7,2023/12/27,15,45,0
M2,O7,2023/12/28,16,46,0
M2,O7,2023/12/29,17,47,0
M2,O7,2023/12/30,18,48,0
M2,O7,2023/12/31,19,49,0
M2,O7,2024/1/1,20,50,0
M2,O7,2024/1/2,21,51,0
M2,O7,2024/1/3,22,52,0
M2,O7,2024/1/4,23,53,0
M2,O7,2024/1/5,24,54,0
M2,O7,2024/1/6,25,55,0
M2,O7,2024/1/7,26,56,0
M2,O7,2024/1/8,27,57,0
M2,O7,2024/1/9,28,58,0
M2,O7,2024/1/10,29,59,0
M3,O7,2024/1/11,1,60,0
M3,O7,2024/1/12,2,61,0
M3,O7,2024/1/13,3,62,0
M3,O7,2024/1/14,4,63,0
M3,O7,2024/1/15,5,64,0
M3,O7,2024/1/16,6,65,0
M3,O7,2024/1/17,7,66,0
M3,O7,2024/1/18,8,67,0
M3,O7,2024/1/19,9,68,0
M3,O7,2024/1/20,10,69,0
M3,O7,2024/1/21,11,70,0
M3,O7,2024/1/22,12,71,0
M3,O7,2024/1/23,13,72,0
M3,O7,2024/1/24,14,73,0
M3,O7,2024/1/25,15,74,0
M3,O7,2024/1/26,16,75,0
M3,O7,2024/1/27,17,76,0
M3,O7,2024/1/28,18,77,0
M3,O7,2024/1/29,19,78,0
M3,O7,2024/1/30,20,79,0
M3,O7,2024/1/31,21,80,0
M3,O7,2024/2/1,22,81,0
M3,O7,2024/2/2,23,82,0
M3,O7,2024/2/3,24,83,0
M3,O7,2024/2/4,25,84,0
M3,O7,2024/2/5,26,85,0
M3,O7,2024/2/6,27,86,0
M3,O7,2024/2/7,28,87,0
M3,O7,2024/2/8,29,88,1
M3,O7,2024/2/9,30,89,0
M4,O7,2024/2/10,1,90,0
M4,O7,2024/2/11,2,91,0
M4,O7,2024/2/12,3,92,0
M4,O7,2024/2/13,4,93,6
M4,O7,2024/2/14,5,94,0
M4,O7,2024/2/15,6,95,0
M4,O7,2024/2/16,7,96,0
M4,O7,2024/2/17,8,97,0
M4,O7,2024/2/18,9,98,0
M4,O7,2024/2/19,10,99,0
M4,O7,2024/2/20,11,100,0
M4,O7,2024/2/21,12,101,0
M4,O7,2024/2/22,13,102,0
M4,O7,2024/2/23,14,103,0
M4,O7,2024/2/24,15,104,0
M4,O7,2024/2/25,16,105,0
M4,O7,2024/2/26,17,106,0
M4,O7,2024/2/27,18,107,0
M4,O7,2024/2/28,19,108,0
M4,O7,2024/2/29,20,109,0
M4,O7,2024/3/1,21,110,0
M4,O7,2024/3/2,22,111,0
M4,O7,2024/3/3,23,112,0
M4,O7,2024/3/4,24,113,0
M4,O7,2024/3/5,25,114,0
M4,O7,2024/3/6,26,115,0
M4,O7,2024/3/7,27,116,0
M4,O7,2024/3/8,28,117,0
M4,O7,2024/3/9,29,118,0
M6,O7,2024/4/9,1,119,300
M6,O7,2024/4/10,2,120,2
M6,O7,2024/4/11,3,121,16
M6,O7,2024/4/12,4,122,19
M6,O7,2024/4/13,5,123,83
M6,O7,2024/4/14,6,124,100
M6,O7,2024/4/15,7,125,70
M6,O7,2024/4/16,8,126,5
M6,O7,2024/4/17,9,127,1
M6,O7,2024/4/18,10,128,0
M6,O7,2024/4/19,11,129,0
M6,O7,2024/4/20,12,130,0
M6,O7,2024/4/21,13,131,0
M6,O7,2024/4/22,14,132,0
M6,O7,2024/4/23,15,133,0
M6,O7,2024/4/24,16,134,0
M6,O7,2024/4/25,17,135,0
M6,O7,2024/4/26,18,136,0
M6,O7,2024/4/27,19,137,0
M6,O7,2024/4/28,20,138,0
M6,O7,2024/4/29,21,139,0
M6,O7,2024/4/30,22,140,0
M6,O7,2024/5/1,23,141,0
M6,O7,2024/5/2,24,142,0
M6,O7,2024/5/3,25,143,0
M6,O7,2024/5/4,26,144,0
M6,O7,2024/5/5,27,145,0
M6,O7,2024/5/6,28,146,0
M6,O7,2024/5/7,29,147,0
M1,O8,2023/11/13,1,1,0
M1,O8,2023/11/14,2,2,7
M1,O8,2023/11/15,3,3,11
M1,O8,2023/11/16,4,4,3
M1,O8,2023/11/17,5,5,6
M1,O8,2023/11/18,6,6,4
M1,O8,2023/11/19,7,7,2
M1,O8,2023/11/20,8,8,0
M1,O8,2023/11/21,9,9,0
M1,O8,2023/11/22,10,10,0
M1,O8,2023/11/23,11,11,0
M1,O8,2023/11/24,12,12,0
M1,O8,2023/11/25,13,13,0
M1,O8,2023/11/26,14,14,0
M1,O8,2023/11/27,15,15,0
M1,O8,2023/11/28,16,16,0
M1,O8,2023/11/29,17,17,0
M1,O8,2023/11/30,18,18,0
M1,O8,2023/12/1,19,19,0
M1,O8,2023/12/2,20,20,0
M1,O8,2023/12/3,21,21,0
M1,O8,2023/12/4,22,22,0
M1,O8,2023/12/5,23,23,0
M1,O8,2023/12/6,24,24,0
M1,O8,2023/12/7,25,25,0
M1,O8,2023/12/8,26,26,0
M1,O8,2023/12/9,27,27,0
M1,O8,2023/12/10,28,28,0
M1,O8,2023/12/11,29,29,0
M1,O8,2023/12/12,30,30,0
M2,O8,2023/12/13,1,31,0
M2,O8,2023/12/14,2,32,0
M2,O8,2023/12/15,3,33,0
M2,O8,2023/12/16,4,34,1
M2,O8,2023/12/17,5,35,0
M2,O8,2023/12/18,6,36,0
M2,O8,2023/12/19,7,37,0
M2,O8,2023/12/20,8,38,0
M2,O8,2023/12/21,9,39,0
M2,O8,2023/12/22,10,40,0
M2,O8,2023/12/23,11,41,0
M2,O8,2023/12/24,12,42,0
M2,O8,2023/12/25,13,43,0
M2,O8,2023/12/26,14,44,0
M2,O8,2023/12/27,15,45,0
M2,O8,2023/12/28,16,46,0
M2,O8,2023/12/29,17,47,0
M2,O8,2023/12/30,18,48,0
M2,O8,2023/12/31,19,49,0
M2,O8,2024/1/1,20,50,0
M2,O8,2024/1/2,21,51,0
M2,O8,2024/1/3,22,52,0
M2,O8,2024/1/4,23,53,0
M2,O8,2024/1/5,24,54,0
M2,O8,2024/1/6,25,55,0
M2,O8,2024/1/7,26,56,0
M2,O8,2024/1/8,27,57,0
M2,O8,2024/1/9,28,58,0
M2,O8,2024/1/10,29,59,0
M3,O8,2024/1/11,1,60,1
M3,O8,2024/1/12,2,61,0
M3,O8,2024/1/13,3,62,0
M3,O8,2024/1/14,4,63,0
M3,O8,2024/1/15,5,64,0
M3,O8,2024/1/16,6,65,0
M3,O8,2024/1/17,7,66,0
M3,O8,2024/1/18,8,67,0
M3,O8,2024/1/19,9,68,0
M3,O8,2024/1/20,10,69,0
M3,O8,2024/1/21,11,70,0
M3,O8,2024/1/22,12,71,0
M3,O8,2024/1/23,13,72,0
M3,O8,2024/1/24,14,73,0
M3,O8,2024/1/25,15,74,0
M3,O8,2024/1/26,16,75,0
M3,O8,2024/1/27,17,76,0
M3,O8,2024/1/28,18,77,0
M3,O8,2024/1/29,19,78,0
M3,O8,2024/1/30,20,79,0
M3,O8,2024/1/31,21,80,0
M3,O8,2024/2/1,22,81,0
M3,O8,2024/2/2,23,82,0
M3,O8,2024/2/3,24,83,0
M3,O8,2024/2/4,25,84,0
M3,O8,2024/2/5,26,85,0
M3,O8,2024/2/6,27,86,0
M3,O8,2024/2/7,28,87,0
M3,O8,2024/2/8,29,88,0
M3,O8,2024/2/9,30,89,0
M4,O8,2024/2/10,1,90,0
M4,O8,2024/2/11,2,91,0
M4,O8,2024/2/12,3,92,0
M4,O8,2024/2/13,4,93,0
M4,O8,2024/2/14,5,94,0
M4,O8,2024/2/15,6,95,0
M4,O8,2024/2/16,7,96,0
M4,O8,2024/2/17,8,97,0
M4,O8,2024/2/18,9,98,0
M4,O8,2024/2/19,10,99,0
M4,O8,2024/2/20,11,100,0
M4,O8,2024/2/21,12,101,0
M4,O8,2024/2/22,13,102,0
M4,O8,2024/2/23,14,103,0
M4,O8,2024/2/24,15,104,0
M4,O8,2024/2/25,16,105,0
M4,O8,2024/2/26,17,106,0
M4,O8,2024/2/27,18,107,0
M4,O8,2024/2/28,19,108,0
M4,O8,2024/2/29,20,109,0
M4,O8,2024/3/1,21,110,0
M4,O8,2024/3/2,22,111,0
M4,O8,2024/3/3,23,112,0
M4,O8,2024/3/4,24,113,0
M4,O8,2024/3/5,25,114,0
M4,O8,2024/3/6,26,115,0
M4,O8,2024/3/7,27,116,0
M4,O8,2024/3/8,28,117,0
M4,O8,2024/3/9,29,118,0
M6,O8,2024/4/9,1,119,0
M6,O8,2024/4/10,2,120,3
M6,O8,2024/4/11,3,121,1
M6,O8,2024/4/12,4,122,2
M6,O8,2024/4/13,5,123,31
M6,O8,2024/4/14,6,124,35
M6,O8,2024/4/15,7,125,72
M6,O8,2024/4/16,8,126,12
M6,O8,2024/4/17,9,127,14
M6,O8,2024/4/18,10,128,2
M6,O8,2024/4/19,11,129,0
M6,O8,2024/4/20,12,130,0
M6,O8,2024/4/21,13,131,0
M6,O8,2024/4/22,14,132,0
M6,O8,2024/4/23,15,133,0
M6,O8,2024/4/24,16,134,0
M6,O8,2024/4/25,17,135,0
M6,O8,2024/4/26,18,136,0
M6,O8,2024/4/27,19,137,0
M6,O8,2024/4/28,20,138,0
M6,O8,2024/4/29,21,139,0
M6,O8,2024/4/30,22,140,0
M6,O8,2024/5/1,23,141,0
M6,O8,2024/5/2,24,142,0
M6,O8,2024/5/3,25,143,0
M6,O8,2024/5/4,26,144,0
M6,O8,2024/5/5,27,145,0
M6,O8,2024/5/6,28,146,0
M6,O8,2024/5/7,29,147,0
M1,O9,2023/11/13,1,1,4
M1,O9,2023/11/14,2,2,8
M1,O9,2023/11/15,3,3,5
M1,O9,2023/11/16,4,4,23
M1,O9,2023/11/17,5,5,3
M1,O9,2023/11/18,6,6,6
M1,O9,2023/11/19,7,7,3
M1,O9,2023/11/20,8,8,0
M1,O9,2023/11/21,9,9,0
M1,O9,2023/11/22,10,10,0
M1,O9,2023/11/23,11,11,0
M1,O9,2023/11/24,12,12,0
M1,O9,2023/11/25,13,13,0
M1,O9,2023/11/26,14,14,0
M1,O9,2023/11/27,15,15,0
M1,O9,2023/11/28,16,16,0
M1,O9,2023/11/29,17,17,0
M1,O9,2023/11/30,18,18,0
M1,O9,2023/12/1,19,19,0
M1,O9,2023/12/2,20,20,0
M1,O9,2023/12/3,21,21,0
M1,O9,2023/12/4,22,22,0
M1,O9,2023/12/5,23,23,0
M1,O9,2023/12/6,24,24,0
M1,O9,2023/12/7,25,25,0
M1,O9,2023/12/8,26,26,0
M1,O9,2023/12/9,27,27,0
M1,O9,2023/12/10,28,28,0
M1,O9,2023/12/11,29,29,0
M1,O9,2023/12/12,30,30,0
M2,O9,2023/12/13,1,31,0
M2,O9,2023/12/14,2,32,0
M2,O9,2023/12/15,3,33,0
M2,O9,2023/12/16,4,34,0
M2,O9,2023/12/17,5,35,0
M2,O9,2023/12/18,6,36,0
M2,O9,2023/12/19,7,37,0
M2,O9,2023/12/20,8,38,0
M2,O9,2023/12/21,9,39,0
M2,O9,2023/12/22,10,40,0
M2,O9,2023/12/23,11,41,0
M2,O9,2023/12/24,12,42,0
M2,O9,2023/12/25,13,43,0
M2,O9,2023/12/26,14,44,0
M2,O9,2023/12/27,15,45,0
M2,O9,2023/12/28,16,46,0
M2,O9,2023/12/29,17,47,0
M2,O9,2023/12/30,18,48,0
M2,O9,2023/12/31,19,49,0
M2,O9,2024/1/1,20,50,0
M2,O9,2024/1/2,21,51,0
M2,O9,2024/1/3,22,52,0
M2,O9,2024/1/4,23,53,0
M2,O9,2024/1/5,24,54,0
M2,O9,2024/1/6,25,55,0
M2,O9,2024/1/7,26,56,0
M2,O9,2024/1/8,27,57,0
M2,O9,2024/1/9,28,58,0
M2,O9,2024/1/10,29,59,0
M3,O9,2024/1/11,1,60,0
M3,O9,2024/1/12,2,61,0
M3,O9,2024/1/13,3,62,0
M3,O9,2024/1/14,4,63,0
M3,O9,2024/1/15,5,64,0
M3,O9,2024/1/16,6,65,0
M3,O9,2024/1/17,7,66,0
M3,O9,2024/1/18,8,67,0
M3,O9,2024/1/19,9,68,0
M3,O9,2024/1/20,10,69,0
M3,O9,2024/1/21,11,70,0
M3,O9,2024/1/22,12,71,0
M3,O9,2024/1/23,13,72,0
M3,O9,2024/1/24,14,73,0
M3,O9,2024/1/25,15,74,0
M3,O9,2024/1/26,16,75,0
M3,O9,2024/1/27,17,76,0
M3,O9,2024/1/28,18,77,0
M3,O9,2024/1/29,19,78,0
M3,O9,2024/1/30,20,79,0
M3,O9,2024/1/31,21,80,0
M3,O9,2024/2/1,22,81,0
M3,O9,2024/2/2,23,82,0
M3,O9,2024/2/3,24,83,0
M3,O9,2024/2/4,25,84,0
M3,O9,2024/2/5,26,85,1
M3,O9,2024/2/6,27,86,0
M3,O9,2024/2/7,28,87,1
M3,O9,2024/2/8,29,88,0
M3,O9,2024/2/9,30,89,0
M4,O9,2024/2/10,1,90,0
M4,O9,2024/2/11,2,91,0
M4,O9,2024/2/12,3,92,0
M4,O9,2024/2/13,4,93,3
M4,O9,2024/2/14,5,94,0
M4,O9,2024/2/15,6,95,0
M4,O9,2024/2/16,7,96,0
M4,O9,2024/2/17,8,97,0
M4,O9,2024/2/18,9,98,0
M4,O9,2024/2/19,10,99,0
M4,O9,2024/2/20,11,100,0
M4,O9,2024/2/21,12,101,0
M4,O9,2024/2/22,13,102,0
M4,O9,2024/2/23,14,103,0
M4,O9,2024/2/24,15,104,0
M4,O9,2024/2/25,16,105,0
M4,O9,2024/2/26,17,106,0
M4,O9,2024/2/27,18,107,0
M4,O9,2024/2/28,19,108,0
M4,O9,2024/2/29,20,109,0
M4,O9,2024/3/1,21,110,0
M4,O9,2024/3/2,22,111,0
M4,O9,2024/3/3,23,112,0
M4,O9,2024/3/4,24,113,0
M4,O9,2024/3/5,25,114,0
M4,O9,2024/3/6,26,115,0
M4,O9,2024/3/7,27,116,0
M4,O9,2024/3/8,28,117,0
M4,O9,2024/3/9,29,118,0
M6,O9,2024/4/9,1,119,0
M6,O9,2024/4/10,2,120,0
M6,O9,2024/4/11,3,121,0
M6,O9,2024/4/12,4,122,0
M6,O9,2024/4/13,5,123,15
M6,O9,2024/4/14,6,124,39
M6,O9,2024/4/15,7,125,63
M6,O9,2024/4/16,8,126,35
M6,O9,2024/4/17,9,127,66
M6,O9,2024/4/18,10,128,17
M6,O9,2024/4/19,11,129,34
M6,O9,2024/4/20,12,130,20
M6,O9,2024/4/21,13,131,1
M6,O9,2024/4/22,14,132,1
M6,O9,2024/4/23,15,133,0
M6,O9,2024/4/24,16,134,0
M6,O9,2024/4/25,17,135,0
M6,O9,2024/4/26,18,136,0
M6,O9,2024/4/27,19,137,0
M6,O9,2024/4/28,20,138,0
M6,O9,2024/4/29,21,139,0
M6,O9,2024/4/30,22,140,0
M6,O9,2024/5/1,23,141,0
M6,O9,2024/5/2,24,142,0
M6,O9,2024/5/3,25,143,0
M6,O9,2024/5/4,26,144,0
M6,O9,2024/5/5,27,145,0
M6,O9,2024/5/6,28,146,0
M6,O9,2024/5/7,29,147,0
